,Region,Category,Level,Place,Player,Time,Run Date,ID,Date,Standard Time,Benchmark Time,3rd Time,4th Time,Base Score,Standard Score,Benchmark Score,Medal Score,Run Score,dTIME,dRUNSCORE
0,NTSC,3 Lap,Sunny Beach,1,Shibbypod,63.186,2017-12-01,y67o220m,2022-01-01,64.999,63.999,63.304,63.326,1.0,2.0,3.0,4.0,10.0,0.0,0.0
1,NTSC,3 Lap,Sunny Beach,2,MDK1,63.273,2021-12-11,z5voqwdm,2022-01-01,64.999,63.999,63.304,63.326,1.0,2.0,3.0,1.51,7.51,-0.654999999999994,4.1899999999999995
2,NTSC,3 Lap,Sunny Beach,3,MetalHead,63.304,2019-10-25,m7qxj5wz,2022-01-01,64.999,63.999,63.304,63.326,1.0,2.0,3.0,0.63,6.63,0.0,-0.6299999999999999
3,NTSC,3 Lap,Sunny Beach,4,RyanLockwood,63.326,2015-11-05,7z0r289z,2022-01-01,64.999,63.999,63.304,63.326,1.0,2.0,2.91,0.0,5.91,0.0,-0.8300000000000001
4,NTSC,3 Lap,Sunny Beach,5,doctorfeesh,63.358,2020-12-29,mk8x2p1m,2022-01-01,64.999,63.999,63.304,63.326,1.0,2.0,2.77,0.0,5.77,0.0,-0.09000000000000075
5,NTSC,3 Lap,Sunny Beach,6,mo_moe,63.456,2017-09-22,mrqng5gy,2022-01-01,64.999,63.999,63.304,63.326,1.0,2.0,2.34,0.0,5.34,0.0,-0.08000000000000007
6,NTSC,3 Lap,Sunny Beach,7,Game,63.56,2019-03-24,y411r63y,2022-01-01,64.999,63.999,63.304,63.326,1.0,2.0,1.89,0.0,4.89,0.0,-0.07000000000000028
7,NTSC,3 Lap,Sunny Beach,8,the_androgyne,63.597,2018-06-29,yl44evkm,2022-01-01,64.999,63.999,63.304,63.326,1.0,2.0,1.74,0.0,4.74,0.0,-0.04999999999999982
8,NTSC,3 Lap,Sunny Beach,9,eToast,63.715,2020-07-17,yd5lwpwm,2022-01-01,64.999,63.999,63.304,63.326,1.0,2.0,1.23,0.0,4.23,0.0,-0.03999999999999915
9,NTSC,3 Lap,Sunny Beach,10,meauxdal,63.722,2017-12-03,mekewe2m,2022-01-01,64.999,63.999,63.304,63.326,1.0,2.0,1.2,0.0,4.2,0.0,-0.03000000000000025
10,NTSC,3 Lap,Sunny Beach,11,misuken,63.763,1999-06-03,8y89q6wm,2022-01-01,64.999,63.999,63.304,63.326,1.0,2.0,1.02,0.0,4.02,0.0,-0.03000000000000025
11,NTSC,3 Lap,Sunny Beach,12,bobakanoosh55555,63.776,2020-02-06,z1j7nvrz,2022-01-01,64.999,63.999,63.304,63.326,1.0,2.0,0.96,0.0,3.96,0.0,-0.03000000000000025
12,NTSC,3 Lap,Sunny Beach,13,quickpersonsIND,63.796,2019-06-18,znr4v67y,2022-01-01,64.999,63.999,63.304,63.326,1.0,2.0,0.88,0.0,3.88,0.0,-0.020000000000000018
13,NTSC,3 Lap,Sunny Beach,14,NickWarner,63.807,2021-07-09,z1r41pgm,2022-01-01,64.999,63.999,63.304,63.326,1.0,2.0,0.83,0.0,3.83,0.0,-0.029999999999999805
14,NTSC,3 Lap,Sunny Beach,15,AS_Money,63.814,2019-07-01,yd662dwz,2022-01-01,64.999,63.999,63.304,63.326,1.0,2.0,0.8,0.0,3.8,0.0,-0.020000000000000018
15,NTSC,3 Lap,Sunny Beach,16,Illudude,63.821,2014-12-10,8m79g09y,2022-01-01,64.999,63.999,63.304,63.326,1.0,2.0,0.77,0.0,3.77,0.0,-0.020000000000000018
16,NTSC,3 Lap,Sunny Beach,17,MyOhMyPancakes,63.848,2021-01-04,zpljqkvm,2022-01-01,64.999,63.999,63.304,63.326,1.0,2.0,0.65,0.0,3.65,0.0,-0.020000000000000018
17,NTSC,3 Lap,Sunny Beach,18,analogism,63.878,2015-12-22,kz5r41dy,2022-01-01,64.999,63.999,63.304,63.326,1.0,2.0,0.52,0.0,3.52,0.0,-0.020000000000000018
18,NTSC,3 Lap,Sunny Beach,19,RyanWarner,63.924,2021-12-23,y48w8qnm,2022-01-01,64.999,63.999,63.304,63.326,1.0,2.0,0.32,0.0,3.32,-0.2839999999999989,0.7399999999999998
19,NTSC,3 Lap,Sunny Beach,20,Bert86,63.968,2019-06-19,yj34ol7z,2022-01-01,64.999,63.999,63.304,63.326,1.0,2.0,0.13,0.0,3.13,0.0,-0.010000000000000231
20,NTSC,3 Lap,Sunny Beach,21,KoiIroHoshi,64.002,2017-11-01,zn8vn27z,2022-01-01,64.999,63.999,63.304,63.326,1.0,1.99,0.0,0.0,2.99,0.0,0.0
21,NTSC,3 Lap,Sunny Beach,22,GhillieGuide,64.386,2017-05-27,yjk3303m,2022-01-01,64.999,63.999,63.304,63.326,1.0,1.23,0.0,0.0,2.23,0.0,0.0
22,NTSC,3 Lap,Sunny Beach,23,andypanther,64.44,2020-07-10,m7go4o4m,2022-01-01,64.999,63.999,63.304,63.326,1.0,1.12,0.0,0.0,2.12,0.0,0.0
23,NTSC,3 Lap,Sunny Beach,24,RSR,64.56,2019-11-07,yd6g460z,2022-01-01,64.999,63.999,63.304,63.326,1.0,0.88,0.0,0.0,1.88,0.0,0.0
24,NTSC,3 Lap,Sunny Beach,25,th3ch0s3n0n3,64.622,2021-04-13,yv14dl8y,2022-01-01,64.999,63.999,63.304,63.326,1.0,0.75,0.0,0.0,1.75,0.0,0.0
25,NTSC,3 Lap,Sunny Beach,26,GooglyEyes,64.727,2019-06-06,y21327wz,2022-01-01,64.999,63.999,63.304,63.326,1.0,0.54,0.0,0.0,1.54,0.0,0.0
26,NTSC,3 Lap,Sunny Beach,27,Maple_Hood,64.823,2014-03-08,7z0e5r9m,2022-01-01,64.999,63.999,63.304,63.326,1.0,0.35,0.0,0.0,1.35,0.0,0.0
27,NTSC,3 Lap,Sunny Beach,28,ZubyDoo77,64.874,2020-11-06,z09oog8z,2022-01-01,64.999,63.999,63.304,63.326,1.0,0.25,0.0,0.0,1.25,0.0,0.0
28,NTSC,3 Lap,Sunny Beach,29,CD_84,64.903,2020-12-31,z534jvgy,2022-01-01,64.999,63.999,63.304,63.326,1.0,0.19,0.0,0.0,1.19,0.0,0.0
29,NTSC,3 Lap,Sunny Beach,30,kirch,64.928,2018-07-05,zg7kngez,2022-01-01,64.999,63.999,63.304,63.326,1.0,0.14,0.0,0.0,1.14,0.0,0.0
30,NTSC,3 Lap,Sunny Beach,31,HeroProc,64.942,2017-01-14,jy9gn72m,2022-01-01,64.999,63.999,63.304,63.326,1.0,0.11,0.0,0.0,1.11,0.0,0.0
31,NTSC,3 Lap,Sunny Beach,32,fed338,64.983,2017-12-19,yjk22dom,2022-01-01,64.999,63.999,63.304,63.326,1.0,0.03,0.0,0.0,1.03,0.0,0.0
32,NTSC,3 Lap,Sunny Beach,33,Caseywho,64.998,2018-11-16,zn4qg08m,2022-01-01,64.999,63.999,63.304,63.326,1.0,0.0,0.0,0.0,1.0,0.0,0.0
33,NTSC,3 Lap,Sunny Beach,34,EliminatorJr,65.09,2018-11-20,m7p21v4m,2022-01-01,64.999,63.999,63.304,63.326,0.99,0.0,0.0,0.0,0.99,0.0,0.0
34,NTSC,3 Lap,Sunny Beach,35,PvtCb,65.162,2020-11-09,y4e80ndm,2022-01-01,64.999,63.999,63.304,63.326,0.99,0.0,0.0,0.0,0.99,0.0,0.0
35,NTSC,3 Lap,Sunny Beach,36,nealclay,65.252,2014-08-13,8m7988ey,2022-01-01,64.999,63.999,63.304,63.326,0.98,0.0,0.0,0.0,0.98,0.0,0.0
36,NTSC,3 Lap,Sunny Beach,37,Bace,65.304,2018-01-07,m793ldey,2022-01-01,64.999,63.999,63.304,63.326,0.98,0.0,0.0,0.0,0.98,0.0,0.0
37,NTSC,3 Lap,Sunny Beach,38,Ohme,65.382,2015-02-19,8yvj8p6y,2022-01-01,64.999,63.999,63.304,63.326,0.97,0.0,0.0,0.0,0.97,0.0,0.0
38,NTSC,3 Lap,Sunny Beach,39,ShibbyWife,65.413,2017-09-16,mk45o25y,2022-01-01,64.999,63.999,63.304,63.326,0.97,0.0,0.0,0.0,0.97,0.0,0.0
39,NTSC,3 Lap,Sunny Beach,40,Speedruntrainer,65.459,2015-11-15,6yj5j7gm,2022-01-01,64.999,63.999,63.304,63.326,0.97,0.0,0.0,0.0,0.97,0.0,0.0
40,PAL,3 Lap,Sunny Beach,41,AdomHaMez,65.764,2021-12-03,zgdnj7dz,2022-01-01,64.999,63.999,63.304,63.326,0.95,0.0,0.0,0.0,0.95,-0.04999999999999716,0.010000000000000009
41,NTSC,3 Lap,Sunny Beach,42,Tetsuo,65.785,2018-07-05,ywppoxpz,2022-01-01,64.999,63.999,63.304,63.326,0.94,0.0,0.0,0.0,0.94,0.0,0.0
42,NTSC,3 Lap,Sunny Beach,43,raybc123,65.898,2016-01-12,jy9l97ky,2022-01-01,64.999,63.999,63.304,63.326,0.94,0.0,0.0,0.0,0.94,0.0,0.0
43,NTSC,3 Lap,Sunny Beach,44,piddythebat,65.977,2017-08-06,z1389djm,2022-01-01,64.999,63.999,63.304,63.326,0.93,0.0,0.0,0.0,0.93,0.0,0.0
44,NTSC,3 Lap,Sunny Beach,45,P-Nut91,66.316,2018-07-07,zn44dxlm,2022-01-01,64.999,63.999,63.304,63.326,0.91,0.0,0.0,0.0,0.91,0.0,0.0
45,NTSC,3 Lap,Sunny Beach,46,DeeEddy,66.733,2018-03-20,y45v1wkm,2022-01-01,64.999,63.999,63.304,63.326,0.88,0.0,0.0,0.0,0.88,0.0,0.0
46,NTSC,3 Lap,Sunny Beach,47,KingSolomon,67.459,2018-03-17,y97go3km,2022-01-01,64.999,63.999,63.304,63.326,0.83,0.0,0.0,0.0,0.83,0.0,0.0
47,NTSC,3 Lap,Sunny Beach,48,VerociousVee,67.566,2020-03-25,mk3l543z,2022-01-01,64.999,63.999,63.304,63.326,0.82,0.0,0.0,0.0,0.82,0.0,0.0
48,NTSC,3 Lap,Sunny Beach,49,hotelmario69,69.604,2018-01-03,zgn8deny,2022-01-01,64.999,63.999,63.304,63.326,0.68,0.0,0.0,0.0,0.68,0.0,0.0
49,PAL,3 Lap,Sunny Beach,50,Mahrla,76.85,2011-05-26,zq6nqo5y,2022-01-01,64.999,63.999,63.304,63.326,0.16,0.0,0.0,0.0,0.16,0.0,0.0
50,PAL,3 Lap,Sunny Beach,51,Ipsum86,77.642,2019-10-12,y81x32xz,2022-01-01,64.999,63.999,63.304,63.326,0.11,0.0,0.0,0.0,0.11,0.0,0.0
51,PAL,3 Lap,Sunny Beach,52,JimB,78.202,2019-07-07,yd65qv0z,2022-01-01,64.999,63.999,63.304,63.326,0.07,0.0,0.0,0.0,0.07,0.0,0.0
52,PAL,3 Lap,Sunny Beach,53,DJ-Cat,78.25,2020-07-05,yv6vr36z,2022-01-01,64.999,63.999,63.304,63.326,0.07,0.0,0.0,0.0,0.07,0.0,0.0
53,PAL,3 Lap,Sunny Beach,54,Lucehboii,78.5,2021-02-16,zx6796kz,2022-01-01,64.999,63.999,63.304,63.326,0.05,0.0,0.0,0.0,0.05,0.0,0.0
54,PAL,3 Lap,Sunny Beach,55,R-J-Clapham,78.523,2019-11-19,zgke2ejy,2022-01-01,64.999,63.999,63.304,63.326,0.05,0.0,0.0,0.0,0.05,0.0,0.0
55,PAL,3 Lap,Sunny Beach,56,PuggyWuggy,78.622,2020-12-28,y6r817jy,2022-01-01,64.999,63.999,63.304,63.326,0.04,0.0,0.0,0.0,0.04,0.0,0.0
56,PAL,3 Lap,Sunny Beach,57,Recurv2,79.182,2021-02-01,zx664qgz,2022-01-01,64.999,63.999,63.304,63.326,0.0,0.0,0.0,0.0,0.0,0.0,0.0
57,NTSC,3 Lap,Sunset Bay,1,doctorfeesh,65.006,2019-07-17,m3158p4z,2022-01-01,66.999,65.999,65.157,65.219,1.0,2.0,3.0,4.0,10.0,0.0,0.0
58,NTSC,3 Lap,Sunset Bay,2,Shibbypod,65.073,2017-12-01,y45oox2m,2022-01-01,66.999,65.999,65.157,65.219,1.0,2.0,3.0,2.74,8.74,0.0,0.0
59,NTSC,3 Lap,Sunset Bay,3,Illudude,65.157,2020-07-15,zprxn28m,2022-01-01,66.999,65.999,65.157,65.219,1.0,2.0,3.0,1.16,7.16,0.0,0.0
60,NTSC,3 Lap,Sunset Bay,4,Game,65.219,2019-02-02,znrr12vy,2022-01-01,66.999,65.999,65.157,65.219,1.0,2.0,2.78,0.0,5.78,0.0,0.0
61,NTSC,3 Lap,Sunset Bay,5,MDK1,65.273,2021-11-30,y9lo122y,2022-01-01,66.999,65.999,65.157,65.219,1.0,2.0,2.59,0.0,5.59,-0.3500000000000085,1.25
62,NTSC,3 Lap,Sunset Bay,6,mo_moe,65.367,2017-09-25,m79wpo0y,2022-01-01,66.999,65.999,65.157,65.219,1.0,2.0,2.25,0.0,5.25,0.0,0.0
63,NTSC,3 Lap,Sunset Bay,7,the_androgyne,65.468,2018-07-09,z517725m,2022-01-01,66.999,65.999,65.157,65.219,1.0,2.0,1.89,0.0,4.89,0.0,0.0
64,NTSC,3 Lap,Sunset Bay,8,MyOhMyPancakes,65.669,2020-08-30,znkd1klz,2022-01-01,66.999,65.999,65.157,65.219,1.0,2.0,1.18,0.0,4.18,0.0,0.0
65,NTSC,3 Lap,Sunset Bay,9,meauxdal,65.671,2018-01-05,z13k9vjm,2022-01-01,66.999,65.999,65.157,65.219,1.0,2.0,1.17,0.0,4.17,0.0,0.0
66,NTSC,3 Lap,Sunset Bay,10,AS_Money,65.721,2019-11-23,mrel558y,2022-01-01,66.999,65.999,65.157,65.219,1.0,2.0,0.99,0.0,3.99,0.0,0.0
67,NTSC,3 Lap,Sunset Bay,11,MetalHead,65.723,2019-10-23,yj3de9dz,2022-01-01,66.999,65.999,65.157,65.219,1.0,2.0,0.98,0.0,3.98,0.0,0.0
68,NTSC,3 Lap,Sunset Bay,12,eToast,65.82,2020-07-18,yokxln1z,2022-01-01,66.999,65.999,65.157,65.219,1.0,2.0,0.64,0.0,3.64,0.0,0.0
69,NTSC,3 Lap,Sunset Bay,13,quickpersonsIND,65.821,2019-06-12,zgk77vdy,2022-01-01,66.999,65.999,65.157,65.219,1.0,2.0,0.63,0.0,3.63,0.0,0.0
70,NTSC,3 Lap,Sunset Bay,14,Bert86,65.87,2018-10-07,y6pnnx0m,2022-01-01,66.999,65.999,65.157,65.219,1.0,2.0,0.46,0.0,3.46,0.0,0.0
71,NTSC,3 Lap,Sunset Bay,15,analogism,65.918,2016-01-17,jy9lolny,2022-01-01,66.999,65.999,65.157,65.219,1.0,2.0,0.29,0.0,3.29,0.0,0.0
72,NTSC,3 Lap,Sunset Bay,16,KoiIroHoshi,65.969,2017-06-15,y975eqem,2022-01-01,66.999,65.999,65.157,65.219,1.0,2.0,0.11,0.0,3.11,0.0,0.0
73,NTSC,3 Lap,Sunset Bay,17,bobakanoosh55555,65.972,2020-04-04,zgwne9dy,2022-01-01,66.999,65.999,65.157,65.219,1.0,2.0,0.1,0.0,3.1,0.0,0.0
74,NTSC,3 Lap,Sunset Bay,18,andypanther,66.02,2021-07-30,mk5grovm,2022-01-01,66.999,65.999,65.157,65.219,1.0,1.96,0.0,0.0,2.96,0.0,0.0
75,NTSC,3 Lap,Sunset Bay,19,usamiiin,66.021,2021-04-15,z5ro2q5y,2022-01-01,66.999,65.999,65.157,65.219,1.0,1.96,0.0,0.0,2.96,0.0,0.0
76,NTSC,3 Lap,Sunset Bay,20,GhillieGuide,66.12,2017-03-19,0y6korjz,2022-01-01,66.999,65.999,65.157,65.219,1.0,1.76,0.0,0.0,2.76,0.0,0.0
77,NTSC,3 Lap,Sunset Bay,21,NickWarner,66.47,2021-06-18,z5rgjvdy,2022-01-01,66.999,65.999,65.157,65.219,1.0,1.06,0.0,0.0,2.06,0.0,0.0
78,NTSC,3 Lap,Sunset Bay,22,admiralsmit,66.473,,1zq6wvry,2022-01-01,66.999,65.999,65.157,65.219,1.0,1.05,0.0,0.0,2.05,0.0,0.0
79,NTSC,3 Lap,Sunset Bay,23,RandyOzzY,67.271,2020-03-05,yv3d204z,2022-01-01,66.999,65.999,65.157,65.219,0.99,0.0,0.0,0.0,0.99,0.0,0.010000000000000009
80,NTSC,3 Lap,Sunset Bay,24,d0ggr,67.52,2019-01-26,y89pj8wm,2022-01-01,66.999,65.999,65.157,65.219,0.97,0.0,0.0,0.0,0.97,0.0,0.0
81,NTSC,3 Lap,Sunset Bay,25,Bace,67.569,2018-01-18,y67vo7pm,2022-01-01,66.999,65.999,65.157,65.219,0.97,0.0,0.0,0.0,0.97,0.0,0.0
82,NTSC,3 Lap,Sunset Bay,26,HighestLevelWizard,67.669,2020-12-08,zgvl9lez,2022-01-01,66.999,65.999,65.157,65.219,0.97,0.0,0.0,0.0,0.97,0.0,0.010000000000000009
83,NTSC,3 Lap,Sunset Bay,27,RyanWarner,67.771,2020-10-25,ylvqkonm,2022-01-01,66.999,65.999,65.157,65.219,0.96,0.0,0.0,0.0,0.96,0.0,0.010000000000000009
84,NTSC,3 Lap,Sunset Bay,28,Sonata,67.788,2020-02-09,y81n7d1z,2022-01-01,66.999,65.999,65.157,65.219,0.96,0.0,0.0,0.0,0.96,0.0,0.010000000000000009
85,NTSC,3 Lap,Sunset Bay,29,PvtCb,67.818,2020-07-26,y4wj0dqm,2022-01-01,66.999,65.999,65.157,65.219,0.96,0.0,0.0,0.0,0.96,0.0,0.010000000000000009
86,NTSC,3 Lap,Sunset Bay,30,Maple_Hood,67.837,2014-05-21,2yw18k3z,2022-01-01,66.999,65.999,65.157,65.219,0.96,0.0,0.0,0.0,0.96,0.0,0.010000000000000009
87,NTSC,3 Lap,Sunset Bay,31,dosufura,67.872,2021-09-09,y8ej4g5y,2022-01-01,66.999,65.999,65.157,65.219,0.96,0.0,0.0,0.0,0.96,0.0,0.010000000000000009
88,NTSC,3 Lap,Sunset Bay,32,nealclay,68.022,2015-01-02,0zn8v23z,2022-01-01,66.999,65.999,65.157,65.219,0.95,0.0,0.0,0.0,0.95,0.0,0.010000000000000009
89,NTSC,3 Lap,Sunset Bay,33,RSR,68.248,2019-11-07,y956e5nz,2022-01-01,66.999,65.999,65.157,65.219,0.94,0.0,0.0,0.0,0.94,0.0,0.019999999999999907
90,NTSC,3 Lap,Sunset Bay,34,fed338,68.268,2018-01-17,mekwe1qm,2022-01-01,66.999,65.999,65.157,65.219,0.94,0.0,0.0,0.0,0.94,0.0,0.019999999999999907
91,NTSC,3 Lap,Sunset Bay,35,th3ch0s3n0n3,68.651,2021-01-12,yd989kxz,2022-01-01,66.999,65.999,65.157,65.219,0.92,0.0,0.0,0.0,0.92,0.0,0.020000000000000018
92,NTSC,3 Lap,Sunset Bay,36,Trippyc,69.083,2017-09-16,yl9rd6ny,2022-01-01,66.999,65.999,65.157,65.219,0.9,0.0,0.0,0.0,0.9,0.0,0.030000000000000027
93,PAL,3 Lap,Sunset Bay,37,AdomHaMez,69.842,2021-09-24,z07nkp4y,2022-01-01,66.999,65.999,65.157,65.219,0.86,0.0,0.0,0.0,0.86,0.0,0.030000000000000027
94,NTSC,3 Lap,Sunset Bay,38,Speedruntrainer,70.284,2014-10-28,kz57jkdm,2022-01-01,66.999,65.999,65.157,65.219,0.84,0.0,0.0,0.0,0.84,0.0,0.039999999999999925
95,NTSC,3 Lap,Sunset Bay,39,DeeEddy,70.524,2018-03-22,mrqwk87y,2022-01-01,66.999,65.999,65.157,65.219,0.83,0.0,0.0,0.0,0.83,0.0,0.039999999999999925
96,NTSC,3 Lap,Sunset Bay,40,FPScanada,76.25,2019-04-07,yl4welkm,2022-01-01,66.999,65.999,65.157,65.219,0.55,0.0,0.0,0.0,0.55,0.0,0.11000000000000004
97,PAL,3 Lap,Sunset Bay,41,Mahrla,79.581,2011-05-26,yw1ox90z,2022-01-01,66.999,65.999,65.157,65.219,0.39,0.0,0.0,0.0,0.39,0.0,0.15000000000000002
98,PAL,3 Lap,Sunset Bay,42,JimB,80.122,2018-07-14,y2q1ek5y,2022-01-01,66.999,65.999,65.157,65.219,0.36,0.0,0.0,0.0,0.36,0.0,0.15
99,PAL,3 Lap,Sunset Bay,43,Ipsum86,80.308,2020-05-07,zprlo1nm,2022-01-01,66.999,65.999,65.157,65.219,0.35,0.0,0.0,0.0,0.35,0.0,0.14999999999999997
100,PAL,3 Lap,Sunset Bay,44,DJ-Cat,80.967,2020-07-17,zprx47xm,2022-01-01,66.999,65.999,65.157,65.219,0.32,0.0,0.0,0.0,0.32,0.0,0.16
101,PAL,3 Lap,Sunset Bay,45,PuggyWuggy,81.924,2021-01-01,mr9pk84m,2022-01-01,66.999,65.999,65.157,65.219,0.27,0.0,0.0,0.0,0.27,0.0,0.17
102,PAL,3 Lap,Sunset Bay,46,Recurv2,83.545,2021-02-01,mk779p3y,2022-01-01,66.999,65.999,65.157,65.219,0.19,0.0,0.0,0.0,0.19,0.0,0.19
103,PAL,3 Lap,Sunset Bay,47,PasiKienzi,87.506,2021-10-21,m37w544z,2022-01-01,66.999,65.999,65.157,65.219,0.0,0.0,0.0,0.0,0.0,,
104,NTSC,3 Lap,Drake Lake,1,Illudude,70.996,2018-03-20,z0e2e0om,2022-01-01,72.999,71.999,71.369,71.419,1.0,2.0,3.0,4.0,10.0,0.0,0.0
105,NTSC,3 Lap,Drake Lake,2,mo_moe,71.18,2018-01-06,zq6dn68y,2022-01-01,72.999,71.999,71.369,71.419,1.0,2.0,3.0,2.26,8.26,0.0,0.0
106,NTSC,3 Lap,Drake Lake,3,Shibbypod,71.369,2016-05-10,2ywvrr2z,2022-01-01,72.999,71.999,71.369,71.419,1.0,2.0,3.0,0.47,6.47,0.0,0.0
107,NTSC,3 Lap,Drake Lake,3,doctorfeesh,71.369,2019-05-19,y6l395jy,2022-01-01,72.999,71.999,71.369,71.419,1.0,2.0,3.0,0.47,6.47,0.0,0.0
108,NTSC,3 Lap,Drake Lake,4,Game,71.419,2020-07-10,znk2179z,2022-01-01,72.999,71.999,71.369,71.419,1.0,2.0,2.76,0.0,5.76,0.0,0.0
109,NTSC,3 Lap,Drake Lake,5,MDK1,71.456,2020-06-13,mrkr9w2y,2022-01-01,72.999,71.999,71.369,71.419,1.0,2.0,2.59,0.0,5.59,0.0,0.0
110,NTSC,3 Lap,Drake Lake,6,RyanLockwood,71.498,2016-09-27,1zqq801z,2022-01-01,72.999,71.999,71.369,71.419,1.0,2.0,2.39,0.0,5.39,0.0,0.0
111,NTSC,3 Lap,Drake Lake,7,MyOhMyPancakes,71.549,2020-11-17,zxd8n65y,2022-01-01,72.999,71.999,71.369,71.419,1.0,2.0,2.14,0.0,5.14,0.0,0.0
112,NTSC,3 Lap,Drake Lake,8,analogism,71.593,2016-02-22,emkeok1m,2022-01-01,72.999,71.999,71.369,71.419,1.0,2.0,1.93,0.0,4.93,0.0,0.0
113,NTSC,3 Lap,Drake Lake,9,eToast,71.653,2020-07-19,mrkx082y,2022-01-01,72.999,71.999,71.369,71.419,1.0,2.0,1.65,0.0,4.65,0.0,0.0
114,NTSC,3 Lap,Drake Lake,10,admiralsmit,71.706,2017-12-17,y978lrkm,2022-01-01,72.999,71.999,71.369,71.419,1.0,2.0,1.4,0.0,4.4,0.0,0.0
115,NTSC,3 Lap,Drake Lake,11,MetalHead,71.719,2019-01-25,zg7or0dz,2022-01-01,72.999,71.999,71.369,71.419,1.0,2.0,1.33,0.0,4.33,0.0,0.0
116,NTSC,3 Lap,Drake Lake,12,meauxdal,71.741,2018-01-06,yo4oq9dm,2022-01-01,72.999,71.999,71.369,71.419,1.0,2.0,1.23,0.0,4.23,0.0,0.0
117,NTSC,3 Lap,Drake Lake,13,quickpersonsIND,71.749,2019-06-18,yl0462ny,2022-01-01,72.999,71.999,71.369,71.419,1.0,2.0,1.19,0.0,4.19,0.0,0.0
118,NTSC,3 Lap,Drake Lake,14,the_androgyne,71.765,2018-07-03,zg77olvz,2022-01-01,72.999,71.999,71.369,71.419,1.0,2.0,1.11,0.0,4.11,0.0,0.0
119,NTSC,3 Lap,Drake Lake,15,mrpitchy,71.881,2019-03-27,z51nn1nm,2022-01-01,72.999,71.999,71.369,71.419,1.0,2.0,0.56,0.0,3.56,0.0,0.0
120,NTSC,3 Lap,Drake Lake,16,AS_Money,71.937,2019-11-23,z57p66jm,2022-01-01,72.999,71.999,71.369,71.419,1.0,2.0,0.3,0.0,3.3,0.0,0.0
121,NTSC,3 Lap,Drake Lake,17,Bert86,71.946,2019-07-05,yd66peqz,2022-01-01,72.999,71.999,71.369,71.419,1.0,2.0,0.25,0.0,3.25,0.0,0.0
122,NTSC,3 Lap,Drake Lake,18,usamiiin,72.071,2020-09-29,m3g134gz,2022-01-01,72.999,71.999,71.369,71.419,1.0,1.86,0.0,0.0,2.86,0.0,0.0
123,NTSC,3 Lap,Drake Lake,19,andypanther,72.076,2021-07-15,y69d8g1y,2022-01-01,72.999,71.999,71.369,71.419,1.0,1.85,0.0,0.0,2.85,0.0,0.0
124,NTSC,3 Lap,Drake Lake,20,KoiIroHoshi,72.108,2017-06-28,meko3pqm,2022-01-01,72.999,71.999,71.369,71.419,1.0,1.78,0.0,0.0,2.78,0.0,0.0
125,NTSC,3 Lap,Drake Lake,21,timtamz91,72.525,2018-07-16,y2q1kn9y,2022-01-01,72.999,71.999,71.369,71.419,1.0,0.95,0.0,0.0,1.95,0.0,0.0
126,NTSC,3 Lap,Drake Lake,22,kirch,72.71,2018-07-05,zp04q1xm,2022-01-01,72.999,71.999,71.369,71.419,1.0,0.58,0.0,0.0,1.58,0.0,0.0
127,NTSC,3 Lap,Drake Lake,23,Bunta,72.808,2018-03-09,y8qnd7dy,2022-01-01,72.999,71.999,71.369,71.419,1.0,0.38,0.0,0.0,1.38,0.0,0.0
128,NTSC,3 Lap,Drake Lake,24,Bace,73.045,2018-01-18,y456ooqm,2022-01-01,72.999,71.999,71.369,71.419,1.0,0.0,0.0,0.0,1.0,0.0,0.0
129,NTSC,3 Lap,Drake Lake,25,NickWarner,73.395,2021-06-18,m7dog2wm,2022-01-01,72.999,71.999,71.369,71.419,0.98,0.0,0.0,0.0,0.98,0.0,0.0
130,NTSC,3 Lap,Drake Lake,26,RyanWarner,73.501,2020-10-18,z1o856jm,2022-01-01,72.999,71.999,71.369,71.419,0.98,0.0,0.0,0.0,0.98,0.0,0.010000000000000009
131,NTSC,3 Lap,Drake Lake,27,kazey77,73.618,2016-08-14,7yldv1km,2022-01-01,72.999,71.999,71.369,71.419,0.97,0.0,0.0,0.0,0.97,0.0,0.0
132,NTSC,3 Lap,Drake Lake,28,th3ch0s3n0n3,73.738,2021-04-12,yjgj7w7y,2022-01-01,72.999,71.999,71.369,71.419,0.97,0.0,0.0,0.0,0.97,0.0,0.010000000000000009
133,NTSC,3 Lap,Drake Lake,29,d0ggr,73.754,2019-01-18,y2q2809y,2022-01-01,72.999,71.999,71.369,71.419,0.97,0.0,0.0,0.0,0.97,0.0,0.010000000000000009
134,NTSC,3 Lap,Drake Lake,30,HighestLevelWizard,73.843,2020-12-09,z09qw8ez,2022-01-01,72.999,71.999,71.369,71.419,0.97,0.0,0.0,0.0,0.97,0.0,0.020000000000000018
135,NTSC,3 Lap,Drake Lake,31,PvtCb,74.403,2020-08-19,m7g4x89m,2022-01-01,72.999,71.999,71.369,71.419,0.94,0.0,0.0,0.0,0.94,0.0,0.019999999999999907
136,NTSC,3 Lap,Drake Lake,32,Nordicboa,74.827,2017-11-11,m3dx394z,2022-01-01,72.999,71.999,71.369,71.419,0.92,0.0,0.0,0.0,0.92,0.0,0.020000000000000018
137,NTSC,3 Lap,Drake Lake,33,fed338,74.882,2017-12-03,zn8j213z,2022-01-01,72.999,71.999,71.369,71.419,0.92,0.0,0.0,0.0,0.92,0.0,0.020000000000000018
138,NTSC,3 Lap,Drake Lake,34,RSR,74.958,2019-11-07,yojlejjm,2022-01-01,72.999,71.999,71.369,71.419,0.92,0.0,0.0,0.0,0.92,0.0,0.030000000000000027
139,NTSC,3 Lap,Drake Lake,35,Speedruntrainer,75.517,2015-11-17,oy2e1xjy,2022-01-01,72.999,71.999,71.369,71.419,0.9,0.0,0.0,0.0,0.9,0.0,0.040000000000000036
140,NTSC,3 Lap,Drake Lake,36,nealclay,75.884,2015-01-02,6yjk2ogm,2022-01-01,72.999,71.999,71.369,71.419,0.88,0.0,0.0,0.0,0.88,0.0,0.040000000000000036
141,PAL,3 Lap,Drake Lake,37,AdomHaMez,75.904,2021-09-30,zgr8nkjm,2022-01-01,72.999,71.999,71.369,71.419,0.88,0.0,0.0,0.0,0.88,0.0,0.040000000000000036
142,PAL,3 Lap,Drake Lake,38,Mahrla,86.289,2011-05-26,z5ongqny,2022-01-01,72.999,71.999,71.369,71.419,0.45,0.0,0.0,0.0,0.45,0.0,0.18
143,PAL,3 Lap,Drake Lake,39,MMW,86.896,2021-02-16,me9ndl0z,2022-01-01,72.999,71.999,71.369,71.419,0.42,0.0,0.0,0.0,0.42,0.0,0.18999999999999997
144,PAL,3 Lap,Drake Lake,40,Ploflo82,87.011,2018-10-23,me833o3m,2022-01-01,72.999,71.999,71.369,71.419,0.42,0.0,0.0,0.0,0.42,0.0,0.18999999999999997
145,PAL,3 Lap,Drake Lake,41,JimB,87.287,2018-10-29,mr87584y,2022-01-01,72.999,71.999,71.369,71.419,0.41,0.0,0.0,0.0,0.41,0.0,0.19999999999999998
146,PAL,3 Lap,Drake Lake,42,DJ-Cat,88.58,2020-07-06,meo03lqz,2022-01-01,72.999,71.999,71.369,71.419,0.35,0.0,0.0,0.0,0.35,0.0,0.20999999999999996
147,PAL,3 Lap,Drake Lake,43,Recurv2,91.132,2021-02-02,y9nn31vz,2022-01-01,72.999,71.999,71.369,71.419,0.25,0.0,0.0,0.0,0.25,0.0,0.25
148,PAL,3 Lap,Drake Lake,44,PasiKienzi,97.137,2021-10-21,z1xv549m,2022-01-01,72.999,71.999,71.369,71.419,0.0,0.0,0.0,0.0,0.0,,
149,NTSC,3 Lap,Marine Fortress,1,Shibbypod,67.742,2019-06-11,y952o0kz,2022-01-01,68.999,67.999,67.99,68.504,1.0,2.0,3.0,4.0,10.0,0.0,0.0
150,NTSC,3 Lap,Marine Fortress,2,mo_moe,67.969,2019-06-29,y81185wz,2022-01-01,68.999,67.999,67.99,68.504,1.0,2.0,3.0,2.81,8.81,0.0,0.0
151,NTSC,3 Lap,Marine Fortress,3,doctorfeesh,67.99,2019-06-25,m3gwkkgz,2022-01-01,68.999,67.999,67.99,68.504,1.0,2.0,3.0,2.7,8.7,0.0,0.0
152,NTSC,3 Lap,Marine Fortress,4,Game,68.504,2019-02-04,zgkkg8ey,2022-01-01,68.999,67.999,67.99,68.504,1.0,0.99,0.0,0.0,1.99,0.0,0.0
153,NTSC,3 Lap,Marine Fortress,5,MyOhMyPancakes,68.73,2019-05-22,y95o612z,2022-01-01,68.999,67.999,67.99,68.504,1.0,0.54,0.0,0.0,1.54,0.0,0.0
154,NTSC,3 Lap,Marine Fortress,6,MetalHead,68.876,2018-10-28,y898wpxm,2022-01-01,68.999,67.999,67.99,68.504,1.0,0.25,0.0,0.0,1.25,0.0,0.0
155,NTSC,3 Lap,Marine Fortress,7,eToast,69.575,2020-07-23,z5jldpem,2022-01-01,68.999,67.999,67.99,68.504,0.97,0.0,0.0,0.0,0.97,0.0,0.0
156,NTSC,3 Lap,Marine Fortress,8,KoiIroHoshi,69.698,2017-07-04,zgnw670y,2022-01-01,68.999,67.999,67.99,68.504,0.97,0.0,0.0,0.0,0.97,0.0,0.0
157,NTSC,3 Lap,Marine Fortress,9,AS_Money,69.805,2019-05-27,y95owjnz,2022-01-01,68.999,67.999,67.99,68.504,0.96,0.0,0.0,0.0,0.96,0.0,0.0
158,NTSC,3 Lap,Marine Fortress,10,GhillieGuide,69.966,2017-06-19,z13jw49m,2022-01-01,68.999,67.999,67.99,68.504,0.95,0.0,0.0,0.0,0.95,0.0,0.0
159,NTSC,3 Lap,Marine Fortress,11,quickpersonsIND,69.996,2019-06-18,yoj2n80m,2022-01-01,68.999,67.999,67.99,68.504,0.95,0.0,0.0,0.0,0.95,0.0,0.0
160,NTSC,3 Lap,Marine Fortress,12,meauxdal,70.254,2018-03-14,zn855w8z,2022-01-01,68.999,67.999,67.99,68.504,0.94,0.0,0.0,0.0,0.94,0.0,0.0
161,NTSC,3 Lap,Marine Fortress,13,ZubyDoo77,70.382,2021-03-03,z06xrooz,2022-01-01,68.999,67.999,67.99,68.504,0.93,0.0,0.0,0.0,0.93,0.0,0.0
162,NTSC,3 Lap,Marine Fortress,14,andypanther,70.746,2021-07-21,mrn15wdy,2022-01-01,68.999,67.999,67.99,68.504,0.92,0.0,0.0,0.0,0.92,0.0,0.0
163,NTSC,3 Lap,Marine Fortress,15,Illudude,70.883,2010-09-02,pm3d53dz,2022-01-01,68.999,67.999,67.99,68.504,0.91,0.0,0.0,0.0,0.91,0.0,0.0
164,NTSC,3 Lap,Marine Fortress,16,MDK1,71.407,2020-03-31,zprnjj8m,2022-01-01,68.999,67.999,67.99,68.504,0.88,0.0,0.0,0.0,0.88,0.0,0.0
165,NTSC,3 Lap,Marine Fortress,17,gplehner,71.616,2020-07-30,y90evqky,2022-01-01,68.999,67.999,67.99,68.504,0.87,0.0,0.0,0.0,0.87,0.0,0.0
166,NTSC,3 Lap,Marine Fortress,18,analogism,71.634,2016-05-17,1zqe27rz,2022-01-01,68.999,67.999,67.99,68.504,0.87,0.0,0.0,0.0,0.87,0.0,0.0
167,NTSC,3 Lap,Marine Fortress,19,RSR,71.877,2019-11-09,yj38v1nz,2022-01-01,68.999,67.999,67.99,68.504,0.86,0.0,0.0,0.0,0.86,0.0,0.0
168,NTSC,3 Lap,Marine Fortress,20,Bace,72.674,2018-01-18,ydqnjjqm,2022-01-01,68.999,67.999,67.99,68.504,0.82,0.0,0.0,0.0,0.82,0.0,0.0
169,NTSC,3 Lap,Marine Fortress,21,RyanWarner,72.841,2020-07-19,ylkxxx2z,2022-01-01,68.999,67.999,67.99,68.504,0.81,0.0,0.0,0.0,0.81,0.0,0.0
170,NTSC,3 Lap,Marine Fortress,22,Trippyc,75.554,2017-09-18,z13x6rgm,2022-01-01,68.999,67.999,67.99,68.504,0.68,0.0,0.0,0.0,0.68,0.0,0.0
171,NTSC,3 Lap,Marine Fortress,23,th3ch0s3n0n3,77.054,2021-01-12,y8v3d3xz,2022-01-01,68.999,67.999,67.99,68.504,0.61,0.0,0.0,0.0,0.61,0.0,0.0
172,NTSC,3 Lap,Marine Fortress,24,nealclay,80.599,2015-01-02,7yl96dry,2022-01-01,68.999,67.999,67.99,68.504,0.44,0.0,0.0,0.0,0.44,0.0,0.0
173,PAL,3 Lap,Marine Fortress,25,AdomHaMez,84.465,2021-09-25,z5dp5wgm,2022-01-01,68.999,67.999,67.99,68.504,0.25,0.0,0.0,0.0,0.25,0.0,0.0
174,PAL,3 Lap,Marine Fortress,26,Mahrla,84.999,2011-05-27,y236wl9m,2022-01-01,68.999,67.999,67.99,68.504,0.22,0.0,0.0,0.0,0.22,0.0,0.0
175,PAL,3 Lap,Marine Fortress,27,DJ-Cat,87.082,2020-07-23,z0583dem,2022-01-01,68.999,67.999,67.99,68.504,0.12,0.0,0.0,0.0,0.12,0.0,0.0
176,PAL,3 Lap,Marine Fortress,28,Recurv2,89.614,2021-02-02,y2v78l5z,2022-01-01,68.999,67.999,67.99,68.504,0.0,0.0,0.0,0.0,0.0,0.0,0.0
177,NTSC,3 Lap,Port Blue,1,doctorfeesh,77.821,2021-09-07,ydewvgwm,2022-01-01,79.999,78.999,78.307,78.392,1.0,2.0,3.0,4.0,10.0,0.0,0.0
178,NTSC,3 Lap,Port Blue,2,Shibbypod,77.824,2017-10-17,z0ep56om,2022-01-01,79.999,78.999,78.307,78.392,1.0,2.0,3.0,3.98,9.98,0.0,0.0
179,NTSC,3 Lap,Port Blue,3,Game,78.307,2020-07-15,ylkx46kz,2022-01-01,79.999,78.999,78.307,78.392,1.0,2.0,3.0,0.6,6.6,0.0,0.0
180,NTSC,3 Lap,Port Blue,4,MetalHead,78.392,2018-11-19,z51xqpnm,2022-01-01,79.999,78.999,78.307,78.392,1.0,2.0,2.63,0.0,5.63,0.0,0.0
181,NTSC,3 Lap,Port Blue,5,mo_moe,78.42,2018-04-20,mrqgej7y,2022-01-01,79.999,78.999,78.307,78.392,1.0,2.0,2.51,0.0,5.51,0.0,0.0
182,NTSC,3 Lap,Port Blue,6,analogism,78.651,2017-11-20,y45g7jkm,2022-01-01,79.999,78.999,78.307,78.392,1.0,2.0,1.51,0.0,4.51,0.0,0.0
183,NTSC,3 Lap,Port Blue,7,quickpersonsIND,78.652,2018-12-06,z03jwqez,2022-01-01,79.999,78.999,78.307,78.392,1.0,2.0,1.5,0.0,4.5,0.0,0.0
184,NTSC,3 Lap,Port Blue,8,MDK1,78.716,2020-06-16,zgwqlpdy,2022-01-01,79.999,78.999,78.307,78.392,1.0,2.0,1.23,0.0,4.23,0.0,0.0
185,NTSC,3 Lap,Port Blue,9,Illudude,78.722,2015-10-05,y8qj6lwy,2022-01-01,79.999,78.999,78.307,78.392,1.0,2.0,1.2,0.0,4.2,0.0,0.0
186,NTSC,3 Lap,Port Blue,10,MyOhMyPancakes,78.785,2020-08-21,yokg5gjz,2022-01-01,79.999,78.999,78.307,78.392,1.0,2.0,0.93,0.0,3.93,0.0,0.0
187,NTSC,3 Lap,Port Blue,11,AS_Money,78.857,2021-01-04,z53qo85y,2022-01-01,79.999,78.999,78.307,78.392,1.0,2.0,0.62,0.0,3.62,0.0,0.0
188,NTSC,3 Lap,Port Blue,12,KoiIroHoshi,78.937,2017-06-30,z5ojpqjy,2022-01-01,79.999,78.999,78.307,78.392,1.0,2.0,0.27,0.0,3.27,0.0,0.0
189,NTSC,3 Lap,Port Blue,13,eToast,78.994,2020-07-19,zgwoe2jy,2022-01-01,79.999,78.999,78.307,78.392,1.0,2.0,0.02,0.0,3.02,0.0,0.0
190,NTSC,3 Lap,Port Blue,14,meauxdal,79.139,2017-12-19,yjk22gdm,2022-01-01,79.999,78.999,78.307,78.392,1.0,1.72,0.0,0.0,2.72,0.0,0.0
191,NTSC,3 Lap,Port Blue,15,andypanther,79.18,2020-08-12,mrkwd04y,2022-01-01,79.999,78.999,78.307,78.392,1.0,1.64,0.0,0.0,2.64,0.0,0.0
192,NTSC,3 Lap,Port Blue,16,bobakanoosh55555,79.711,2018-07-20,z0314d4z,2022-01-01,79.999,78.999,78.307,78.392,1.0,0.58,0.0,0.0,1.58,0.0,0.0
193,NTSC,3 Lap,Port Blue,17,Bert86,79.837,2019-07-30,yv39en4z,2022-01-01,79.999,78.999,78.307,78.392,1.0,0.32,0.0,0.0,1.32,0.0,0.0
194,NTSC,3 Lap,Port Blue,18,GhillieGuide,79.847,2017-06-19,z0e53wem,2022-01-01,79.999,78.999,78.307,78.392,1.0,0.3,0.0,0.0,1.3,0.0,0.0
195,NTSC,3 Lap,Port Blue,19,kazey77,80.473,2016-08-09,1zq8369z,2022-01-01,79.999,78.999,78.307,78.392,0.98,0.0,0.0,0.0,0.98,0.0,0.0
196,NTSC,3 Lap,Port Blue,20,Bunta,81.431,2018-02-19,mrqd274y,2022-01-01,79.999,78.999,78.307,78.392,0.93,0.0,0.0,0.0,0.93,0.0,0.0
197,NTSC,3 Lap,Port Blue,21,RSR,82.427,2019-11-10,yd6g7vvz,2022-01-01,79.999,78.999,78.307,78.392,0.88,0.0,0.0,0.0,0.88,0.0,0.0
198,NTSC,3 Lap,Port Blue,22,Maple_Hood,82.941,2014-02-24,wzpqr9xy,2022-01-01,79.999,78.999,78.307,78.392,0.85,0.0,0.0,0.0,0.85,0.0,0.0
199,NTSC,3 Lap,Port Blue,23,Bace,83.886,2018-03-18,m79vkrwy,2022-01-01,79.999,78.999,78.307,78.392,0.81,0.0,0.0,0.0,0.81,0.0,0.0
200,NTSC,3 Lap,Port Blue,24,th3ch0s3n0n3,84.518,2021-01-12,y663d3qy,2022-01-01,79.999,78.999,78.307,78.392,0.78,0.0,0.0,0.0,0.78,0.0,0.0
201,NTSC,3 Lap,Port Blue,25,RyanWarner,86.715,2020-07-14,meowr52z,2022-01-01,79.999,78.999,78.307,78.392,0.67,0.0,0.0,0.0,0.67,0.0,0.0
202,NTSC,3 Lap,Port Blue,26,nealclay,88.156,2015-01-02,pzgneldy,2022-01-01,79.999,78.999,78.307,78.392,0.6,0.0,0.0,0.0,0.6,0.0,0.0
203,PAL,3 Lap,Port Blue,27,AdomHaMez,88.944,2021-09-30,me40kx2y,2022-01-01,79.999,78.999,78.307,78.392,0.56,0.0,0.0,0.0,0.56,0.0,0.0
204,PAL,3 Lap,Port Blue,28,Mahrla,95.367,2011-05-27,yl92xgry,2022-01-01,79.999,78.999,78.307,78.392,0.24,0.0,0.0,0.0,0.24,0.0,0.0
205,PAL,3 Lap,Port Blue,29,JimB,96.844,2018-07-22,z5179wgm,2022-01-01,79.999,78.999,78.307,78.392,0.17,0.0,0.0,0.0,0.17,0.0,0.0
206,PAL,3 Lap,Port Blue,30,DJ-Cat,97.898,2020-07-17,zprxrnvm,2022-01-01,79.999,78.999,78.307,78.392,0.11,0.0,0.0,0.0,0.11,0.0,0.0
207,PAL,3 Lap,Port Blue,31,Recurv2,100.18,2021-02-03,m788355z,2022-01-01,79.999,78.999,78.307,78.392,0.0,0.0,0.0,0.0,0.0,0.0,0.0
208,NTSC,3 Lap,Twilight City,1,Shibbypod,83.795,2018-04-12,yvgkxoxy,2022-01-01,85.999,84.999,84.297,84.498,1.0,2.0,3.0,4.0,10.0,0.0,0.0
209,NTSC,3 Lap,Twilight City,2,doctorfeesh,84.229,2020-12-30,ylv2p0rm,2022-01-01,85.999,84.999,84.297,84.498,1.0,2.0,3.0,1.53,7.53,0.0,0.0
210,NTSC,3 Lap,Twilight City,3,Illudude,84.297,2020-07-24,y82od8wy,2022-01-01,85.999,84.999,84.297,84.498,1.0,2.0,3.0,1.14,7.14,0.0,0.0
211,NTSC,3 Lap,Twilight City,4,MetalHead,84.498,2019-01-30,zx4xjvqy,2022-01-01,85.999,84.999,84.297,84.498,1.0,2.0,2.14,0.0,5.14,0.0,0.0
212,NTSC,3 Lap,Twilight City,5,Game,84.531,2018-04-15,yj44k1dy,2022-01-01,85.999,84.999,84.297,84.498,1.0,2.0,2.0,0.0,5.0,0.0,0.0
213,NTSC,3 Lap,Twilight City,6,mo_moe,84.696,2017-04-01,yw1ep80z,2022-01-01,85.999,84.999,84.297,84.498,1.0,2.0,1.29,0.0,4.29,0.0,0.0
214,NTSC,3 Lap,Twilight City,7,MDK1,84.818,2020-06-23,yoklo51z,2022-01-01,85.999,84.999,84.297,84.498,1.0,2.0,0.77,0.0,3.77,0.0,0.0
215,NTSC,3 Lap,Twilight City,8,meauxdal,84.855,2017-12-30,zq6dwg9y,2022-01-01,85.999,84.999,84.297,84.498,1.0,2.0,0.62,0.0,3.62,0.0,0.0
216,NTSC,3 Lap,Twilight City,9,eToast,84.92,2020-07-21,zx2j9w5m,2022-01-01,85.999,84.999,84.297,84.498,1.0,2.0,0.34,0.0,3.34,0.0,0.0
217,NTSC,3 Lap,Twilight City,10,AS_Money,85.198,2020-03-30,y6531ppz,2022-01-01,85.999,84.999,84.297,84.498,1.0,1.6,0.0,0.0,2.6,0.0,0.0
218,NTSC,3 Lap,Twilight City,11,MyOhMyPancakes,85.505,2018-11-24,zx4nge5y,2022-01-01,85.999,84.999,84.297,84.498,1.0,0.99,0.0,0.0,1.99,0.0,0.0
219,NTSC,3 Lap,Twilight City,12,quickpersonsIND,85.607,2019-10-21,z01lxg8y,2022-01-01,85.999,84.999,84.297,84.498,1.0,0.78,0.0,0.0,1.78,0.0,0.0
220,NTSC,3 Lap,Twilight City,13,andypanther,85.73,2018-07-31,yj4le5ny,2022-01-01,85.999,84.999,84.297,84.498,1.0,0.54,0.0,0.0,1.54,0.0,0.0
221,NTSC,3 Lap,Twilight City,14,KoiIroHoshi,85.871,2017-12-25,z5opqg5y,2022-01-01,85.999,84.999,84.297,84.498,1.0,0.26,0.0,0.0,1.26,0.0,0.0
222,NTSC,3 Lap,Twilight City,15,GhillieGuide,85.896,2017-02-03,wzpe328y,2022-01-01,85.999,84.999,84.297,84.498,1.0,0.21,0.0,0.0,1.21,0.0,0.0
223,NTSC,3 Lap,Twilight City,16,analogism,86.052,2016-05-14,2ywvvp0z,2022-01-01,85.999,84.999,84.297,84.498,1.0,0.0,0.0,0.0,1.0,0.0,0.0
224,NTSC,3 Lap,Twilight City,17,bobakanoosh55555,86.317,2021-07-08,y4r4gjkz,2022-01-01,85.999,84.999,84.297,84.498,0.99,0.0,0.0,0.0,0.99,0.0,0.0
225,NTSC,3 Lap,Twilight City,18,the_androgyne,87.021,2017-12-28,y8q6585y,2022-01-01,85.999,84.999,84.297,84.498,0.97,0.0,0.0,0.0,0.97,0.0,0.010000000000000009
226,NTSC,3 Lap,Twilight City,19,Trippyc,87.244,2017-09-19,z0e7kp4m,2022-01-01,85.999,84.999,84.297,84.498,0.97,0.0,0.0,0.0,0.97,0.0,0.020000000000000018
227,NTSC,3 Lap,Twilight City,20,RSR,87.45,2020-05-30,m7gw8pem,2022-01-01,85.999,84.999,84.297,84.498,0.96,0.0,0.0,0.0,0.96,0.0,0.020000000000000018
228,NTSC,3 Lap,Twilight City,21,th3ch0s3n0n3,87.484,2021-04-12,y8d3n21z,2022-01-01,85.999,84.999,84.297,84.498,0.96,0.0,0.0,0.0,0.96,0.0,0.020000000000000018
229,NTSC,3 Lap,Twilight City,22,grimya,88.244,2017-01-04,wzp5e2xy,2022-01-01,85.999,84.999,84.297,84.498,0.94,0.0,0.0,0.0,0.94,0.0,0.029999999999999916
230,NTSC,3 Lap,Twilight City,23,RyanWarner,88.839,2021-07-11,zgg02q0z,2022-01-01,85.999,84.999,84.297,84.498,0.93,0.0,0.0,0.0,0.93,0.0,0.050000000000000044
231,NTSC,3 Lap,Twilight City,24,Bace,88.881,2018-01-16,zxvqo88y,2022-01-01,85.999,84.999,84.297,84.498,0.92,0.0,0.0,0.0,0.92,0.0,0.040000000000000036
232,NTSC,3 Lap,Twilight City,25,Maple_Hood,89.75,2014-04-09,pzgnwqjy,2022-01-01,85.999,84.999,84.297,84.498,0.9,0.0,0.0,0.0,0.9,0.0,0.06000000000000005
233,PAL,3 Lap,Twilight City,26,AdomHaMez,92.608,2021-09-24,y27jrpwz,2022-01-01,85.999,84.999,84.297,84.498,0.83,0.0,0.0,0.0,0.83,0.0,0.10999999999999999
234,PAL,3 Lap,Twilight City,27,Mahrla,102.396,2006-06-07,zpqvxe8y,2022-01-01,85.999,84.999,84.297,84.498,0.57,0.0,0.0,0.0,0.57,0.0,0.24999999999999994
235,PAL,3 Lap,Twilight City,28,JimB,105.299,2018-11-12,z11gl0jz,2022-01-01,85.999,84.999,84.297,84.498,0.49,0.0,0.0,0.0,0.49,0.0,0.29
236,PAL,3 Lap,Twilight City,29,DJ-Cat,110.002,2020-07-23,mrk08o2y,2022-01-01,85.999,84.999,84.297,84.498,0.37,0.0,0.0,0.0,0.37,0.0,0.37
237,PAL,3 Lap,Twilight City,30,PasiKienzi,124.03,2021-10-20,zqv26g9m,2022-01-01,85.999,84.999,84.297,84.498,0.0,0.0,0.0,0.0,0.0,,
238,NTSC,3 Lap,Glacier Coast,1,Shibbypod,74.984,2020-07-31,zpro6erm,2022-01-01,76.999,75.999,75.745,75.854,1.0,2.0,3.0,4.0,10.0,0.0,0.0
239,NTSC,3 Lap,Glacier Coast,2,doctorfeesh,75.183,2021-11-13,y93qn8ny,2022-01-01,76.999,75.999,75.745,75.854,1.0,2.0,3.0,3.09,9.09,-0.11499999999999488,0.5299999999999994
240,NTSC,3 Lap,Glacier Coast,3,analogism,75.745,2016-04-11,8m7xv7ey,2022-01-01,76.999,75.999,75.745,75.854,1.0,2.0,3.0,0.5,6.5,0.0,0.0
241,NTSC,3 Lap,Glacier Coast,4,mo_moe,75.854,2017-07-14,ydq0e5jm,2022-01-01,76.999,75.999,75.745,75.854,1.0,2.0,1.71,0.0,4.71,0.0,0.0
242,NTSC,3 Lap,Glacier Coast,5,MDK1,75.874,2021-12-13,z0o37woz,2022-01-01,76.999,75.999,75.745,75.854,1.0,2.0,1.48,0.0,4.48,-0.6099999999999994,2.4500000000000006
243,NTSC,3 Lap,Glacier Coast,6,Game,75.915,2018-10-19,ywp345pz,2022-01-01,76.999,75.999,75.745,75.854,1.0,2.0,0.99,0.0,3.99,0.0,0.0
244,NTSC,3 Lap,Glacier Coast,7,Illudude,76.193,2014-11-18,emk43vly,2022-01-01,76.999,75.999,75.745,75.854,1.0,1.61,0.0,0.0,2.61,0.0,0.0
245,NTSC,3 Lap,Glacier Coast,8,quickpersonsIND,76.539,2018-10-17,yvjroj6y,2022-01-01,76.999,75.999,75.745,75.854,1.0,0.92,0.0,0.0,1.92,0.0,0.0
246,NTSC,3 Lap,Glacier Coast,9,MyOhMyPancakes,76.687,2020-12-02,m3gkjnwz,2022-01-01,76.999,75.999,75.745,75.854,1.0,0.62,0.0,0.0,1.62,0.0,0.0
247,NTSC,3 Lap,Glacier Coast,10,meauxdal,76.727,2018-10-13,zn47g27m,2022-01-01,76.999,75.999,75.745,75.854,1.0,0.54,0.0,0.0,1.54,0.0,0.0
248,NTSC,3 Lap,Glacier Coast,11,MetalHead,76.733,2021-04-12,y4r90x2z,2022-01-01,76.999,75.999,75.745,75.854,1.0,0.53,0.0,0.0,1.53,0.0,0.0
249,NTSC,3 Lap,Glacier Coast,12,AS_Money,76.971,2019-01-02,yvjvno6y,2022-01-01,76.999,75.999,75.745,75.854,1.0,0.06,0.0,0.0,1.06,0.0,0.0
250,NTSC,3 Lap,Glacier Coast,13,andypanther,77.133,2020-03-31,yd5q8oqm,2022-01-01,76.999,75.999,75.745,75.854,0.99,0.0,0.0,0.0,0.99,0.0,0.0
251,NTSC,3 Lap,Glacier Coast,14,ZubyDoo77,77.176,2020-07-29,m35vn24y,2022-01-01,76.999,75.999,75.745,75.854,0.99,0.0,0.0,0.0,0.99,0.0,0.0
252,NTSC,3 Lap,Glacier Coast,15,GhillieGuide,77.457,2017-07-08,z0e5ggem,2022-01-01,76.999,75.999,75.745,75.854,0.98,0.0,0.0,0.0,0.98,0.0,0.0
253,NTSC,3 Lap,Glacier Coast,16,the_androgyne,78.018,2018-07-23,y2q5q59y,2022-01-01,76.999,75.999,75.745,75.854,0.96,0.0,0.0,0.0,0.96,0.0,0.0
254,NTSC,3 Lap,Glacier Coast,17,admiralsmit,78.246,2017-12-19,yvgp8k4y,2022-01-01,76.999,75.999,75.745,75.854,0.95,0.0,0.0,0.0,0.95,0.0,0.0
255,NTSC,3 Lap,Glacier Coast,18,KoiIroHoshi,78.712,2017-06-04,zq6rw91y,2022-01-01,76.999,75.999,75.745,75.854,0.93,0.0,0.0,0.0,0.93,0.0,0.0
256,NTSC,3 Lap,Glacier Coast,19,Bace,83.119,2018-01-31,yvgx8d6y,2022-01-01,76.999,75.999,75.745,75.854,0.74,0.0,0.0,0.0,0.74,0.0,0.0
257,NTSC,3 Lap,Glacier Coast,20,RyanWarner,83.578,2021-07-11,z5r4egey,2022-01-01,76.999,75.999,75.745,75.854,0.72,0.0,0.0,0.0,0.72,0.0,0.0
258,NTSC,3 Lap,Glacier Coast,21,th3ch0s3n0n3,85.011,2021-01-12,zx69gvgz,2022-01-01,76.999,75.999,75.745,75.854,0.66,0.0,0.0,0.0,0.66,0.0,0.0
259,PAL,3 Lap,Glacier Coast,22,AdomHaMez,91.527,2021-09-24,zxon58qz,2022-01-01,76.999,75.999,75.745,75.854,0.38,0.0,0.0,0.0,0.38,0.0,0.0
260,PAL,3 Lap,Glacier Coast,23,Mahrla,94.424,2011-05-28,y8qlo31y,2022-01-01,76.999,75.999,75.745,75.854,0.26,0.0,0.0,0.0,0.26,0.0,0.0
261,PAL,3 Lap,Glacier Coast,24,DJ-Cat,100.588,2020-05-23,y65dk81z,2022-01-01,76.999,75.999,75.745,75.854,0.0,0.0,0.0,0.0,0.0,0.0,0.0
262,NTSC,3 Lap,Southern Island,1,Shibbypod,73.306,2020-12-16,z53lkjny,2022-01-01,74.999,73.999,73.983,74.298,1.0,2.0,3.0,4.0,10.0,0.0,0.0
263,NTSC,3 Lap,Southern Island,2,MDK1,73.965,2021-12-09,yle9pvnz,2022-01-01,74.999,73.999,73.983,74.298,1.0,2.0,3.0,1.34,7.34,-0.8049999999999926,3.36
264,NTSC,3 Lap,Southern Island,3,doctorfeesh,73.983,2020-04-17,m7gqgn9m,2022-01-01,74.999,73.999,73.983,74.298,1.0,2.0,3.0,1.27,7.27,0.0,-0.03000000000000025
265,NTSC,3 Lap,Southern Island,4,Game,74.298,2018-12-08,mr821o7y,2022-01-01,74.999,73.999,73.983,74.298,1.0,1.4,0.0,0.0,2.4,0.0,-3.64
266,NTSC,3 Lap,Southern Island,5,mo_moe,74.309,2017-09-11,y8qe8xxy,2022-01-01,74.999,73.999,73.983,74.298,1.0,1.38,0.0,0.0,2.38,0.0,-3.5700000000000003
267,NTSC,3 Lap,Southern Island,6,RyanLockwood,74.358,2015-07-30,1zxd5q5y,2022-01-01,74.999,73.999,73.983,74.298,1.0,1.28,0.0,0.0,2.28,0.0,-3.4600000000000004
268,NTSC,3 Lap,Southern Island,7,AS_Money,74.613,2019-09-15,yv3qqg4z,2022-01-01,74.999,73.999,73.983,74.298,1.0,0.77,0.0,0.0,1.77,0.0,-2.8800000000000003
269,NTSC,3 Lap,Southern Island,8,the_androgyne,74.675,2018-07-11,zq3rwx8y,2022-01-01,74.999,73.999,73.983,74.298,1.0,0.65,0.0,0.0,1.65,0.0,-2.7399999999999998
270,NTSC,3 Lap,Southern Island,9,meauxdal,74.842,2017-12-03,mrqovl8y,2022-01-01,74.999,73.999,73.983,74.298,1.0,0.31,0.0,0.0,1.31,0.0,-2.36
271,NTSC,3 Lap,Southern Island,10,MyOhMyPancakes,74.909,2019-09-14,y418edny,2022-01-01,74.999,73.999,73.983,74.298,1.0,0.18,0.0,0.0,1.18,0.0,-2.21
272,NTSC,3 Lap,Southern Island,11,Illudude,74.913,2011-08-18,2yw18vnz,2022-01-01,74.999,73.999,73.983,74.298,1.0,0.17,0.0,0.0,1.17,0.0,-2.2
273,NTSC,3 Lap,Southern Island,12,MetalHead,74.918,2019-01-20,yo20w37z,2022-01-01,74.999,73.999,73.983,74.298,1.0,0.16,0.0,0.0,1.16,0.0,-2.1900000000000004
274,NTSC,3 Lap,Southern Island,13,quickpersonsIND,74.923,2018-01-06,zn8e2x9z,2022-01-01,74.999,73.999,73.983,74.298,1.0,0.15,0.0,0.0,1.15,0.0,-2.18
275,NTSC,3 Lap,Southern Island,14,eToast,74.957,2020-07-27,m35wee6y,2022-01-01,74.999,73.999,73.983,74.298,1.0,0.08,0.0,0.0,1.08,0.0,-2.1
276,NTSC,3 Lap,Southern Island,15,ZubyDoo77,75.158,2020-07-29,zqwpwqxz,2022-01-01,74.999,73.999,73.983,74.298,0.99,0.0,0.0,0.0,0.99,0.0,-1.6900000000000002
277,NTSC,3 Lap,Southern Island,16,Bert86,75.272,2019-05-01,y6pk5w0m,2022-01-01,74.999,73.999,73.983,74.298,0.99,0.0,0.0,0.0,0.99,0.0,-1.4600000000000002
278,NTSC,3 Lap,Southern Island,17,KoiIroHoshi,75.293,2017-07-04,meko28qm,2022-01-01,74.999,73.999,73.983,74.298,0.98,0.0,0.0,0.0,0.98,0.0,-1.4300000000000002
279,NTSC,3 Lap,Southern Island,18,th3ch0s3n0n3,75.301,2021-04-12,yo7v5kdm,2022-01-01,74.999,73.999,73.983,74.298,0.98,0.0,0.0,0.0,0.98,0.0,-1.42
280,NTSC,3 Lap,Southern Island,19,andypanther,75.592,2021-07-25,m77dvkem,2022-01-01,74.999,73.999,73.983,74.298,0.97,0.0,0.0,0.0,0.97,0.0,-0.8400000000000001
281,NTSC,3 Lap,Southern Island,20,bobakanoosh55555,75.669,2018-07-10,yj432wgy,2022-01-01,74.999,73.999,73.983,74.298,0.96,0.0,0.0,0.0,0.96,0.0,-0.7
282,NTSC,3 Lap,Southern Island,21,NickWarner,75.672,2021-06-18,y99d0v2y,2022-01-01,74.999,73.999,73.983,74.298,0.96,0.0,0.0,0.0,0.96,0.0,-0.69
283,NTSC,3 Lap,Southern Island,22,RyanWarner,75.715,2021-08-01,yj5ke27m,2022-01-01,74.999,73.999,73.983,74.298,0.96,0.0,0.0,0.0,0.96,0.0,-0.6100000000000001
284,NTSC,3 Lap,Southern Island,23,Bace,76.137,2018-01-26,y67el5jm,2022-01-01,74.999,73.999,73.983,74.298,0.94,0.0,0.0,0.0,0.94,0.0,-0.050000000000000044
285,NTSC,3 Lap,Southern Island,24,Maple_Hood,76.99,2014-06-27,nz135qwm,2022-01-01,74.999,73.999,73.983,74.298,0.89,0.0,0.0,0.0,0.89,0.0,-0.04999999999999993
286,NTSC,3 Lap,Southern Island,25,PvtCb,77.392,2020-07-22,ylkp042z,2022-01-01,74.999,73.999,73.983,74.298,0.87,0.0,0.0,0.0,0.87,0.0,-0.050000000000000044
287,NTSC,3 Lap,Southern Island,26,nealclay,77.768,2015-01-02,9meklw3m,2022-01-01,74.999,73.999,73.983,74.298,0.85,0.0,0.0,0.0,0.85,0.0,-0.050000000000000044
288,NTSC,3 Lap,Southern Island,27,FPScanada,78.39,2019-05-03,mr831n2y,2022-01-01,74.999,73.999,73.983,74.298,0.81,0.0,0.0,0.0,0.81,0.0,-0.04999999999999993
289,NTSC,3 Lap,Southern Island,28,Speedruntrainer,78.912,2015-11-17,0y6xlnjy,2022-01-01,74.999,73.999,73.983,74.298,0.79,0.0,0.0,0.0,0.79,0.0,-0.039999999999999925
290,PAL,3 Lap,Southern Island,29,AdomHaMez,79.373,2021-09-21,m37ln54z,2022-01-01,74.999,73.999,73.983,74.298,0.76,0.0,0.0,0.0,0.76,0.0,-0.040000000000000036
291,NTSC,3 Lap,Southern Island,30,RideThatSurf,86.389,2020-11-04,z097vroz,2022-01-01,74.999,73.999,73.983,74.298,0.38,0.0,0.0,0.0,0.38,0.0,-0.020000000000000018
292,PAL,3 Lap,Southern Island,31,Mahrla,90.121,2011-05-28,zn86983z,2022-01-01,74.999,73.999,73.983,74.298,0.17,0.0,0.0,0.0,0.17,0.0,-0.009999999999999981
293,PAL,3 Lap,Southern Island,32,DJ-Cat,91.269,2020-06-25,meoeqv2z,2022-01-01,74.999,73.999,73.983,74.298,0.11,0.0,0.0,0.0,0.11,0.0,0.0
294,PAL,3 Lap,Southern Island,33,JimB,91.47,2019-07-07,y9507pnz,2022-01-01,74.999,73.999,73.983,74.298,0.1,0.0,0.0,0.0,0.1,0.0,0.0
295,PAL,3 Lap,Southern Island,34,Recurv2,93.249,2021-02-05,z06r1qjz,2022-01-01,74.999,73.999,73.983,74.298,0.0,0.0,0.0,0.0,0.0,0.0,0.0
296,NTSC,1 Lap,Sunny Beach,1,Shibbypod,20.096,2016-02-14,dy4q7r2m,2022-01-01,20.999,20.499,20.195,20.213,0.5,1.0,1.5,2.0,5.0,0.0,0.0
297,NTSC,1 Lap,Sunny Beach,2,MDK1,20.182,2021-12-25,york0njy,2022-01-01,20.999,20.499,20.195,20.213,0.5,1.0,1.5,0.53,3.53,,
298,NTSC,1 Lap,Sunny Beach,3,doctorfeesh,20.195,2020-07-02,y25k3vjy,2022-01-01,20.999,20.499,20.195,20.213,0.5,1.0,1.5,0.31,3.31,0.0,-0.10999999999999988
299,NTSC,1 Lap,Sunny Beach,4,MetalHead,20.213,2018-11-06,mr8rk02y,2022-01-01,20.999,20.499,20.195,20.213,0.5,1.0,1.41,0.0,2.91,0.0,-0.21999999999999975
300,NTSC,1 Lap,Sunny Beach,5,the_androgyne,20.221,2018-06-29,zn440l9m,2022-01-01,20.999,20.499,20.195,20.213,0.5,1.0,1.37,0.0,2.87,0.0,-0.08999999999999986
301,NTSC,1 Lap,Sunny Beach,6,Game,20.259,2017-09-22,y67910jm,2022-01-01,20.999,20.499,20.195,20.213,0.5,1.0,1.18,0.0,2.68,0.0,-0.07999999999999963
302,NTSC,1 Lap,Sunny Beach,7,quickpersonsIND,20.294,2019-01-16,z119n27z,2022-01-01,20.999,20.499,20.195,20.213,0.5,1.0,1.01,0.0,2.51,0.0,-0.07000000000000028
303,NTSC,1 Lap,Sunny Beach,8,meauxdal,20.31,2017-11-30,zgn2q20y,2022-01-01,20.999,20.499,20.195,20.213,0.5,1.0,0.93,0.0,2.43,0.0,-0.06000000000000005
304,NTSC,1 Lap,Sunny Beach,8,AS_Money,20.31,2019-12-22,mexwn73z,2022-01-01,20.999,20.499,20.195,20.213,0.5,1.0,0.93,0.0,2.43,0.0,-0.06000000000000005
305,NTSC,1 Lap,Sunny Beach,9,NickWarner,20.315,2021-07-09,zxgr47qy,2022-01-01,20.999,20.499,20.195,20.213,0.5,1.0,0.91,0.0,2.41,0.0,-0.06000000000000005
306,NTSC,1 Lap,Sunny Beach,10,Bert86,20.368,2019-04-29,ywp99k3z,2022-01-01,20.999,20.499,20.195,20.213,0.5,1.0,0.65,0.0,2.15,0.0,-0.040000000000000036
307,NTSC,1 Lap,Sunny Beach,11,misuken,20.38,1999-06-03,2ywp1r2z,2022-01-01,20.999,20.499,20.195,20.213,0.5,1.0,0.59,0.0,2.09,0.0,-0.03000000000000025
308,NTSC,1 Lap,Sunny Beach,11,Illudude,20.38,2014-12-10,0zn8k17z,2022-01-01,20.999,20.499,20.195,20.213,0.5,1.0,0.59,0.0,2.09,0.0,-0.03000000000000025
309,NTSC,1 Lap,Sunny Beach,12,MyOhMyPancakes,20.415,2020-12-02,z53kg0gy,2022-01-01,20.999,20.499,20.195,20.213,0.5,1.0,0.41,0.0,1.91,0.0,-0.030000000000000027
310,NTSC,1 Lap,Sunny Beach,13,KoiIroHoshi,20.429,2017-11-01,yl968dny,2022-01-01,20.999,20.499,20.195,20.213,0.5,1.0,0.35,0.0,1.85,0.0,-0.020000000000000018
311,NTSC,1 Lap,Sunny Beach,14,eToast,20.451,2020-07-17,m7gowj0m,2022-01-01,20.999,20.499,20.195,20.213,0.5,1.0,0.24,0.0,1.74,0.0,-0.010000000000000009
312,NTSC,1 Lap,Sunny Beach,15,mo_moe,20.463,2017-01-27,1zxp51qy,2022-01-01,20.999,20.499,20.195,20.213,0.5,1.0,0.18,0.0,1.68,0.0,-0.010000000000000009
313,NTSC,1 Lap,Sunny Beach,15,bobakanoosh55555,20.463,2019-07-18,yojkg8dm,2022-01-01,20.999,20.499,20.195,20.213,0.5,1.0,0.18,0.0,1.68,0.0,-0.010000000000000009
314,NTSC,1 Lap,Sunny Beach,16,RyanWarner,20.475,2021-12-16,yjx4rxdz,2022-01-01,20.999,20.499,20.195,20.213,0.5,1.0,0.12,0.0,1.62,-0.07199999999999918,0.2200000000000002
315,NTSC,1 Lap,Sunny Beach,17,analogism,20.502,2015-12-22,7ylq89xz,2022-01-01,20.999,20.499,20.195,20.213,0.5,0.99,0.0,0.0,1.49,0.0,0.0
316,NTSC,1 Lap,Sunny Beach,18,GhillieGuide,20.594,2017-05-27,zgnkk5vy,2022-01-01,20.999,20.499,20.195,20.213,0.5,0.81,0.0,0.0,1.31,0.0,0.0
317,NTSC,1 Lap,Sunny Beach,19,andypanther,20.604,2020-07-03,znkeoovz,2022-01-01,20.999,20.499,20.195,20.213,0.5,0.79,0.0,0.0,1.29,0.0,0.0
318,NTSC,1 Lap,Sunny Beach,20,GooglyEyes,20.638,2019-06-06,y6l7v0jy,2022-01-01,20.999,20.499,20.195,20.213,0.5,0.72,0.0,0.0,1.22,0.0,0.0
319,NTSC,1 Lap,Sunny Beach,21,dosufura,20.641,2021-09-09,y93lqevy,2022-01-01,20.999,20.499,20.195,20.213,0.5,0.72,0.0,0.0,1.22,0.0,0.0
320,NTSC,1 Lap,Sunny Beach,22,th3ch0s3n0n3,20.652,2021-04-13,zn1wn2vm,2022-01-01,20.999,20.499,20.195,20.213,0.5,0.69,0.0,0.0,1.19,0.0,0.0
321,NTSC,1 Lap,Sunny Beach,23,CD_84,20.684,2020-12-30,m3g8xx6z,2022-01-01,20.999,20.499,20.195,20.213,0.5,0.63,0.0,0.0,1.13,0.0,0.0
322,NTSC,1 Lap,Sunny Beach,24,HeroProc,20.722,2017-01-07,nz1083jm,2022-01-01,20.999,20.499,20.195,20.213,0.5,0.55,0.0,0.0,1.05,0.0,0.0
323,NTSC,1 Lap,Sunny Beach,25,Bace,20.724,2018-01-07,yl9lp9ky,2022-01-01,20.999,20.499,20.195,20.213,0.5,0.55,0.0,0.0,1.05,0.0,0.0
324,NTSC,1 Lap,Sunny Beach,26,Maple_Hood,20.757,2014-03-08,9me3442z,2022-01-01,20.999,20.499,20.195,20.213,0.5,0.48,0.0,0.0,0.98,0.0,0.0
325,NTSC,1 Lap,Sunny Beach,27,grimya,20.76,2017-01-04,8yv5k44m,2022-01-01,20.999,20.499,20.195,20.213,0.5,0.48,0.0,0.0,0.98,0.0,0.0
326,NTSC,1 Lap,Sunny Beach,28,RSR,20.763,2018-07-05,y2qq40jy,2022-01-01,20.999,20.499,20.195,20.213,0.5,0.47,0.0,0.0,0.97,0.0,0.0
327,NTSC,1 Lap,Sunny Beach,29,fed338,20.787,2017-12-18,yvgp8o8y,2022-01-01,20.999,20.499,20.195,20.213,0.5,0.42,0.0,0.0,0.92,0.0,0.0
328,NTSC,1 Lap,Sunny Beach,30,Caseywho,20.806,2018-11-13,y89xwqnm,2022-01-01,20.999,20.499,20.195,20.213,0.5,0.39,0.0,0.0,0.89,0.0,0.0
329,PAL,1 Lap,Sunny Beach,31,AdomHaMez,20.808,2021-09-24,m772v6wm,2022-01-01,20.999,20.499,20.195,20.213,0.5,0.38,0.0,0.0,0.88,0.0,0.0
330,NTSC,1 Lap,Sunny Beach,32,Speedruntrainer,20.883,2015-11-15,7ylr35ry,2022-01-01,20.999,20.499,20.195,20.213,0.5,0.23,0.0,0.0,0.73,0.0,0.0
331,NTSC,1 Lap,Sunny Beach,33,boynafe,20.921,2020-02-04,mexplv3z,2022-01-01,20.999,20.499,20.195,20.213,0.5,0.16,0.0,0.0,0.66,0.0,0.0
332,NTSC,1 Lap,Sunny Beach,34,FPScanada,21.031,2019-04-07,yl4w1v2m,2022-01-01,20.999,20.499,20.195,20.213,0.5,0.0,0.0,0.0,0.5,0.0,0.0
333,NTSC,1 Lap,Sunny Beach,35,VerociousVee,21.45,2020-03-26,z5j5vegm,2022-01-01,20.999,20.499,20.195,20.213,0.45,0.0,0.0,0.0,0.45,0.0,0.0
334,NTSC,1 Lap,Sunny Beach,36,hotelmario69,21.575,2018-01-03,zpqp2wry,2022-01-01,20.999,20.499,20.195,20.213,0.44,0.0,0.0,0.0,0.44,0.0,0.0
335,PAL,1 Lap,Sunny Beach,37,Mahrla,24.645,2011-05-26,z0e2q44m,2022-01-01,20.999,20.499,20.195,20.213,0.14,0.0,0.0,0.0,0.14,0.0,0.0
336,PAL,1 Lap,Sunny Beach,38,Ipsum86,24.708,2019-10-12,z01lw5jy,2022-01-01,20.999,20.499,20.195,20.213,0.13,0.0,0.0,0.0,0.13,0.0,0.0
337,PAL,1 Lap,Sunny Beach,39,JimB,24.993,2019-07-07,mk234o5m,2022-01-01,20.999,20.499,20.195,20.213,0.1,0.0,0.0,0.0,0.1,0.0,0.0
338,PAL,1 Lap,Sunny Beach,40,DJ-Cat,25.011,2020-06-18,yw869g0y,2022-01-01,20.999,20.499,20.195,20.213,0.1,0.0,0.0,0.0,0.1,0.0,0.0
339,PAL,1 Lap,Sunny Beach,41,R-J-Clapham,25.033,2019-11-19,mexlel2z,2022-01-01,20.999,20.499,20.195,20.213,0.1,0.0,0.0,0.0,0.1,0.0,0.0
340,PAL,1 Lap,Sunny Beach,42,Recurv2,25.088,2021-02-06,yw0q3e9m,2022-01-01,20.999,20.499,20.195,20.213,0.09,0.0,0.0,0.0,0.09,0.0,0.0
341,PAL,1 Lap,Sunny Beach,43,PuggyWuggy,25.089,2020-12-28,yd0o730z,2022-01-01,20.999,20.499,20.195,20.213,0.09,0.0,0.0,0.0,0.09,0.0,0.0
342,NTSC,1 Lap,Sunny Beach,44,MortimerNova,26.01,2020-09-08,mr9jlwdm,2022-01-01,20.999,20.499,20.195,20.213,0.0,0.0,0.0,0.0,0.0,0.0,0.0
343,NTSC,1 Lap,Sunset Bay,1,Shibbypod,19.658,2019-02-02,me8gr79m,2022-01-01,20.499,19.999,19.703,19.706,0.5,1.0,1.5,2.0,5.0,0.0,0.0
344,NTSC,1 Lap,Sunset Bay,2,Illudude,19.698,2018-04-16,z0e44pom,2022-01-01,20.499,19.999,19.703,19.706,0.5,1.0,1.5,0.33,3.33,0.0,0.0
345,NTSC,1 Lap,Sunset Bay,3,Game,19.703,2019-07-15,znrk9o9y,2022-01-01,20.499,19.999,19.703,19.706,0.5,1.0,1.5,0.13,3.13,0.0,0.0
346,NTSC,1 Lap,Sunset Bay,4,doctorfeesh,19.706,2020-07-11,ylkdex3z,2022-01-01,20.499,19.999,19.703,19.706,0.5,1.0,1.48,0.0,2.98,0.0,0.0
347,NTSC,1 Lap,Sunset Bay,5,the_androgyne,19.784,2018-07-09,m3o113dm,2022-01-01,20.499,19.999,19.703,19.706,0.5,1.0,1.09,0.0,2.59,0.0,0.0
348,NTSC,1 Lap,Sunset Bay,6,MyOhMyPancakes,19.877,2020-08-30,yjlnglnz,2022-01-01,20.499,19.999,19.703,19.706,0.5,1.0,0.62,0.0,2.12,0.0,0.0
349,NTSC,1 Lap,Sunset Bay,7,andypanther,19.893,2018-07-09,yj436vny,2022-01-01,20.499,19.999,19.703,19.706,0.5,1.0,0.54,0.0,2.04,0.0,0.0
350,NTSC,1 Lap,Sunset Bay,8,meauxdal,19.895,2017-11-04,yjk22xom,2022-01-01,20.499,19.999,19.703,19.706,0.5,1.0,0.53,0.0,2.03,0.0,0.0
351,NTSC,1 Lap,Sunset Bay,9,mo_moe,19.898,2017-09-25,zxvl4xqy,2022-01-01,20.499,19.999,19.703,19.706,0.5,1.0,0.51,0.0,2.01,0.0,0.0
352,NTSC,1 Lap,Sunset Bay,10,AS_Money,19.901,2017-11-25,z5oe0jjy,2022-01-01,20.499,19.999,19.703,19.706,0.5,1.0,0.5,0.0,2.0,0.0,0.0
353,NTSC,1 Lap,Sunset Bay,11,MDK1,19.919,2021-12-01,zq0k0q5y,2022-01-01,20.499,19.999,19.703,19.706,0.5,1.0,0.41,0.0,1.91,,
354,NTSC,1 Lap,Sunset Bay,12,Bert86,19.927,2018-10-07,ywpjj6nz,2022-01-01,20.499,19.999,19.703,19.706,0.5,1.0,0.36,0.0,1.86,0.0,0.0
355,NTSC,1 Lap,Sunset Bay,13,quickpersonsIND,19.976,2019-01-23,z11n8jwz,2022-01-01,20.499,19.999,19.703,19.706,0.5,1.0,0.12,0.0,1.62,0.0,0.0
356,NTSC,1 Lap,Sunset Bay,14,GhillieGuide,19.984,2017-01-27,8y8l521m,2022-01-01,20.499,19.999,19.703,19.706,0.5,1.0,0.08,0.0,1.58,0.0,0.0
357,NTSC,1 Lap,Sunset Bay,15,eToast,19.987,2020-07-18,z15nqkjy,2022-01-01,20.499,19.999,19.703,19.706,0.5,1.0,0.06,0.0,1.56,0.0,0.0
358,NTSC,1 Lap,Sunset Bay,16,MetalHead,19.989,2019-01-10,y92j0qez,2022-01-01,20.499,19.999,19.703,19.706,0.5,1.0,0.05,0.0,1.55,0.0,0.0
359,NTSC,1 Lap,Sunset Bay,17,KoiIroHoshi,19.999,2017-06-03,z5o77kdy,2022-01-01,20.499,19.999,19.703,19.706,0.5,1.0,0.0,0.0,1.5,0.0,0.0
360,NTSC,1 Lap,Sunset Bay,18,bobakanoosh55555,20.031,2018-07-13,zn4rve3m,2022-01-01,20.499,19.999,19.703,19.706,0.5,0.94,0.0,0.0,1.44,0.0,0.0
361,NTSC,1 Lap,Sunset Bay,19,analogism,20.034,2016-01-12,8m7w1wwz,2022-01-01,20.499,19.999,19.703,19.706,0.5,0.93,0.0,0.0,1.43,0.0,0.0
362,NTSC,1 Lap,Sunset Bay,20,NickWarner,20.098,2021-06-18,zq1qw09m,2022-01-01,20.499,19.999,19.703,19.706,0.5,0.8,0.0,0.0,1.3,0.0,0.0
363,NTSC,1 Lap,Sunset Bay,21,RandyOzzY,20.443,2020-03-05,zgk5xqvy,2022-01-01,20.499,19.999,19.703,19.706,0.5,0.11,0.0,0.0,0.61,0.0,0.0
364,NTSC,1 Lap,Sunset Bay,22,Bace,20.476,2018-01-14,z139o5jm,2022-01-01,20.499,19.999,19.703,19.706,0.5,0.05,0.0,0.0,0.55,0.0,0.0
365,NTSC,1 Lap,Sunset Bay,23,dosufura,20.552,2021-09-09,yvoqk54z,2022-01-01,20.499,19.999,19.703,19.706,0.49,0.0,0.0,0.0,0.49,0.0,0.0
366,NTSC,1 Lap,Sunset Bay,24,Sonata,20.642,2020-02-09,yv35d16z,2022-01-01,20.499,19.999,19.703,19.706,0.49,0.0,0.0,0.0,0.49,0.0,0.0
367,NTSC,1 Lap,Sunset Bay,25,Maple_Hood,20.716,2014-05-21,pyddeexy,2022-01-01,20.499,19.999,19.703,19.706,0.48,0.0,0.0,0.0,0.48,0.0,0.0
368,NTSC,1 Lap,Sunset Bay,26,RyanWarner,20.766,2020-10-25,yo37k90y,2022-01-01,20.499,19.999,19.703,19.706,0.47,0.0,0.0,0.0,0.47,0.0,0.0
369,NTSC,1 Lap,Sunset Bay,27,RSR,20.797,2019-11-07,mk2vw25m,2022-01-01,20.499,19.999,19.703,19.706,0.47,0.0,0.0,0.0,0.47,0.0,0.0
370,NTSC,1 Lap,Sunset Bay,28,th3ch0s3n0n3,21.02,2021-01-12,y2v9x3jz,2022-01-01,20.499,19.999,19.703,19.706,0.45,0.0,0.0,0.0,0.45,0.0,0.0
371,NTSC,1 Lap,Sunset Bay,29,d0ggr,21.223,2019-01-23,z11n5prz,2022-01-01,20.499,19.999,19.703,19.706,0.42,0.0,0.0,0.0,0.42,0.0,0.0
372,NTSC,1 Lap,Sunset Bay,30,Speedruntrainer,21.249,2014-10-27,1zqrwd9y,2022-01-01,20.499,19.999,19.703,19.706,0.42,0.0,0.0,0.0,0.42,0.0,0.0
373,PAL,1 Lap,Sunset Bay,31,AdomHaMez,21.829,2021-09-28,ywkn14ny,2022-01-01,20.499,19.999,19.703,19.706,0.36,0.0,0.0,0.0,0.36,0.0,0.0
374,NTSC,1 Lap,Sunset Bay,32,FPScanada,22.613,2019-04-07,ywp7jnpz,2022-01-01,20.499,19.999,19.703,19.706,0.28,0.0,0.0,0.0,0.28,0.0,0.0
375,PAL,1 Lap,Sunset Bay,33,Mahrla,24.01,2011-05-26,ydqpl7jm,2022-01-01,20.499,19.999,19.703,19.706,0.13,0.0,0.0,0.0,0.13,0.0,0.0
376,PAL,1 Lap,Sunset Bay,34,Ipsum86,24.395,2020-05-07,mk38wg3z,2022-01-01,20.499,19.999,19.703,19.706,0.09,0.0,0.0,0.0,0.09,0.0,0.0
377,PAL,1 Lap,Sunset Bay,35,DJ-Cat,24.485,2020-06-18,yd517njm,2022-01-01,20.499,19.999,19.703,19.706,0.08,0.0,0.0,0.0,0.08,0.0,0.0
378,PAL,1 Lap,Sunset Bay,36,Recurv2,25.292,2021-02-01,yo992o1y,2022-01-01,20.499,19.999,19.703,19.706,0.0,0.0,0.0,0.0,0.0,0.0,0.0
379,NTSC,1 Lap,Drake Lake,1,Illudude,22.866,2018-04-05,m794gk5y,2022-01-01,23.499,22.999,22.961,22.966,0.5,1.0,1.5,2.0,5.0,0.0,0.0
380,NTSC,1 Lap,Drake Lake,2,mo_moe,22.916,2017-12-27,z0ex2e8m,2022-01-01,23.499,22.999,22.961,22.966,0.5,1.0,1.5,1.0,4.0,0.0,0.0
381,NTSC,1 Lap,Drake Lake,3,Shibbypod,22.961,2016-04-01,1zx83wkm,2022-01-01,23.499,22.999,22.961,22.966,0.5,1.0,1.5,0.1,3.1,0.0,0.0
382,NTSC,1 Lap,Drake Lake,4,Game,22.966,2019-01-23,m7qo7v0z,2022-01-01,23.499,22.999,22.961,22.966,0.5,1.0,1.3,0.0,2.8,0.0,0.0
383,NTSC,1 Lap,Drake Lake,5,doctorfeesh,22.969,2019-01-22,m3ojnn6m,2022-01-01,23.499,22.999,22.961,22.966,0.5,1.0,1.18,0.0,2.68,0.0,0.0
384,NTSC,1 Lap,Drake Lake,6,MDK1,23.037,2020-06-10,y650801z,2022-01-01,23.499,22.999,22.961,22.966,0.5,0.92,0.0,0.0,1.42,0.0,0.0
385,NTSC,1 Lap,Drake Lake,7,eToast,23.048,2020-07-19,zx2xj4qm,2022-01-01,23.499,22.999,22.961,22.966,0.5,0.9,0.0,0.0,1.4,0.0,0.0
386,NTSC,1 Lap,Drake Lake,8,MetalHead,23.053,2019-01-28,zq3qj71y,2022-01-01,23.499,22.999,22.961,22.966,0.5,0.89,0.0,0.0,1.39,0.0,0.0
387,NTSC,1 Lap,Drake Lake,9,MyOhMyPancakes,23.055,2020-11-17,m3gxln4z,2022-01-01,23.499,22.999,22.961,22.966,0.5,0.89,0.0,0.0,1.39,0.0,0.0
388,NTSC,1 Lap,Drake Lake,10,RyanLockwood,23.058,2016-09-28,8yvxl8xz,2022-01-01,23.499,22.999,22.961,22.966,0.5,0.88,0.0,0.0,1.38,0.0,0.0
389,NTSC,1 Lap,Drake Lake,11,analogism,23.061,2016-02-16,8m7we6ez,2022-01-01,23.499,22.999,22.961,22.966,0.5,0.88,0.0,0.0,1.38,0.0,0.0
390,NTSC,1 Lap,Drake Lake,11,quickpersonsIND,23.061,2019-06-18,yw4pro3z,2022-01-01,23.499,22.999,22.961,22.966,0.5,0.88,0.0,0.0,1.38,0.0,0.0
391,NTSC,1 Lap,Drake Lake,12,meauxdal,23.097,2018-01-06,ydq2v9jm,2022-01-01,23.499,22.999,22.961,22.966,0.5,0.8,0.0,0.0,1.3,0.0,0.0
392,NTSC,1 Lap,Drake Lake,13,admiralsmit,23.105,2017-12-17,z13l2e9m,2022-01-01,23.499,22.999,22.961,22.966,0.5,0.79,0.0,0.0,1.29,0.0,0.0
393,NTSC,1 Lap,Drake Lake,14,the_androgyne,23.118,2018-07-03,yj449o3y,2022-01-01,23.499,22.999,22.961,22.966,0.5,0.76,0.0,0.0,1.26,0.0,0.0
394,NTSC,1 Lap,Drake Lake,15,Bert86,23.122,2019-06-26,y211127z,2022-01-01,23.499,22.999,22.961,22.966,0.5,0.75,0.0,0.0,1.25,0.0,0.0
395,NTSC,1 Lap,Drake Lake,16,AS_Money,23.126,2019-10-26,y95xrrrz,2022-01-01,23.499,22.999,22.961,22.966,0.5,0.75,0.0,0.0,1.25,0.0,0.0
396,NTSC,1 Lap,Drake Lake,17,mrpitchy,23.191,2019-03-27,y43vv3dz,2022-01-01,23.499,22.999,22.961,22.966,0.5,0.62,0.0,0.0,1.12,0.0,0.0
397,NTSC,1 Lap,Drake Lake,18,andypanther,23.228,2021-07-15,yj5g7q3m,2022-01-01,23.499,22.999,22.961,22.966,0.5,0.54,0.0,0.0,1.04,0.0,0.0
398,NTSC,1 Lap,Drake Lake,19,KoiIroHoshi,23.285,2017-06-25,y8q2d0dy,2022-01-01,23.499,22.999,22.961,22.966,0.5,0.43,0.0,0.0,0.93,0.0,0.0
399,NTSC,1 Lap,Drake Lake,20,Bunta,23.408,2018-03-02,y23rxo5m,2022-01-01,23.499,22.999,22.961,22.966,0.5,0.18,0.0,0.0,0.68,0.0,0.0
400,NTSC,1 Lap,Drake Lake,21,Bace,23.462,2018-01-16,y67v9xjm,2022-01-01,23.499,22.999,22.961,22.966,0.5,0.07,0.0,0.0,0.57,0.0,0.0
401,NTSC,1 Lap,Drake Lake,22,d0ggr,23.555,2019-01-20,zq3qk9xy,2022-01-01,23.499,22.999,22.961,22.966,0.5,0.0,0.0,0.0,0.5,0.0,0.0
402,NTSC,1 Lap,Drake Lake,23,Nordicboa,23.719,2017-11-11,y23ep39m,2022-01-01,23.499,22.999,22.961,22.966,0.49,0.0,0.0,0.0,0.49,0.0,0.010000000000000009
403,NTSC,1 Lap,Drake Lake,24,th3ch0s3n0n3,23.819,2021-04-12,yo7v5o1m,2022-01-01,23.499,22.999,22.961,22.966,0.48,0.0,0.0,0.0,0.48,0.0,0.010000000000000009
404,NTSC,1 Lap,Drake Lake,25,RSR,23.936,2019-11-07,zp4go4rz,2022-01-01,23.499,22.999,22.961,22.966,0.47,0.0,0.0,0.0,0.47,0.0,0.009999999999999953
405,NTSC,1 Lap,Drake Lake,26,Speedruntrainer,24.24,2015-11-17,nz1gjrjz,2022-01-01,23.499,22.999,22.961,22.966,0.45,0.0,0.0,0.0,0.45,0.0,0.020000000000000018
406,PAL,1 Lap,Drake Lake,27,AdomHaMez,24.34,2021-12-03,y8jqo91z,2022-01-01,23.499,22.999,22.961,22.966,0.45,0.0,0.0,0.0,0.45,-0.05799999999999983,0.030000000000000027
407,PAL,1 Lap,Drake Lake,28,MMW,27.704,2021-03-06,yj1o4loy,2022-01-01,23.499,22.999,22.961,22.966,0.24,0.0,0.0,0.0,0.24,0.0,0.10999999999999999
408,PAL,1 Lap,Drake Lake,29,Mahrla,27.723,2011-05-26,y45vlddm,2022-01-01,23.499,22.999,22.961,22.966,0.24,0.0,0.0,0.0,0.24,0.0,0.12
409,PAL,1 Lap,Drake Lake,30,Ploflo82,27.842,2018-10-23,yo2ppkdz,2022-01-01,23.499,22.999,22.961,22.966,0.23,0.0,0.0,0.0,0.23,0.0,0.12000000000000001
410,PAL,1 Lap,Drake Lake,31,JimB,28.113,2018-10-29,zx4754gy,2022-01-01,23.499,22.999,22.961,22.966,0.21,0.0,0.0,0.0,0.21,0.0,0.12
411,PAL,1 Lap,Drake Lake,32,DJ-Cat,28.462,2020-05-29,z05ow2em,2022-01-01,23.499,22.999,22.961,22.966,0.19,0.0,0.0,0.0,0.19,0.0,0.13
412,PAL,1 Lap,Drake Lake,33,Recurv2,29.12,2021-02-02,mk7758vy,2022-01-01,23.499,22.999,22.961,22.966,0.15,0.0,0.0,0.0,0.15,0.0,0.15
413,PAL,1 Lap,Drake Lake,34,PasiKienzi,31.568,2021-10-19,zgro53jm,2022-01-01,23.499,22.999,22.961,22.966,0.0,0.0,0.0,0.0,0.0,,
414,NTSC,1 Lap,Marine Fortress,1,Shibbypod,21.442,2019-06-11,yd6385jz,2022-01-01,22.499,21.999,21.678,21.82,0.5,1.0,1.5,2.0,5.0,0.0,0.0
415,NTSC,1 Lap,Marine Fortress,2,doctorfeesh,21.568,2019-12-14,z1j9579z,2022-01-01,22.499,21.999,21.678,21.82,0.5,1.0,1.5,1.33,4.33,0.0,0.0
416,NTSC,1 Lap,Marine Fortress,3,mo_moe,21.678,2019-06-29,znrrpd9y,2022-01-01,22.499,21.999,21.678,21.82,0.5,1.0,1.5,0.75,3.75,0.0,0.0
417,NTSC,1 Lap,Marine Fortress,4,Game,21.82,2019-02-04,m311rjgz,2022-01-01,22.499,21.999,21.678,21.82,0.5,1.0,0.84,0.0,2.34,0.0,0.0
418,NTSC,1 Lap,Marine Fortress,5,eToast,21.882,2020-07-22,m35w5lwy,2022-01-01,22.499,21.999,21.678,21.82,0.5,1.0,0.55,0.0,2.05,0.0,0.0
419,NTSC,1 Lap,Marine Fortress,5,MyOhMyPancakes,21.882,2021-03-01,y2vg8r7z,2022-01-01,22.499,21.999,21.678,21.82,0.5,1.0,0.55,0.0,2.05,0.0,0.0
420,NTSC,1 Lap,Marine Fortress,6,MetalHead,21.969,2018-09-13,y2qxnxwy,2022-01-01,22.499,21.999,21.678,21.82,0.5,1.0,0.14,0.0,1.64,0.0,0.0
421,NTSC,1 Lap,Marine Fortress,7,andypanther,21.993,2020-07-20,z5jl1jdm,2022-01-01,22.499,21.999,21.678,21.82,0.5,1.0,0.03,0.0,1.53,0.0,0.0
422,NTSC,1 Lap,Marine Fortress,8,AS_Money,22.023,2020-08-03,m7gv195m,2022-01-01,22.499,21.999,21.678,21.82,0.5,0.95,0.0,0.0,1.45,0.0,0.0
423,NTSC,1 Lap,Marine Fortress,9,MDK1,22.083,2020-07-05,zgw8dvey,2022-01-01,22.499,21.999,21.678,21.82,0.5,0.83,0.0,0.0,1.33,0.0,0.0
424,NTSC,1 Lap,Marine Fortress,10,ZubyDoo77,22.13,2020-11-27,z1oll9wm,2022-01-01,22.499,21.999,21.678,21.82,0.5,0.74,0.0,0.0,1.24,0.0,0.0
425,NTSC,1 Lap,Marine Fortress,11,meauxdal,22.134,2017-12-31,z5ok03jy,2022-01-01,22.499,21.999,21.678,21.82,0.5,0.73,0.0,0.0,1.23,0.0,0.0
426,NTSC,1 Lap,Marine Fortress,12,KoiIroHoshi,22.195,2017-07-03,zxv2jg8y,2022-01-01,22.499,21.999,21.678,21.82,0.5,0.61,0.0,0.0,1.11,0.0,0.0
427,NTSC,1 Lap,Marine Fortress,13,analogism,22.287,2016-05-18,0y6og06y,2022-01-01,22.499,21.999,21.678,21.82,0.5,0.42,0.0,0.0,0.92,0.0,0.0
428,NTSC,1 Lap,Marine Fortress,14,GhillieGuide,22.324,2017-06-18,yjklj1om,2022-01-01,22.499,21.999,21.678,21.82,0.5,0.35,0.0,0.0,0.85,0.0,0.0
429,NTSC,1 Lap,Marine Fortress,15,RSR,22.546,2019-11-09,z01nk89y,2022-01-01,22.499,21.999,21.678,21.82,0.5,0.0,0.0,0.0,0.5,0.0,0.0
430,NTSC,1 Lap,Marine Fortress,16,Bace,23.328,2018-01-18,mk4p003y,2022-01-01,22.499,21.999,21.678,21.82,0.43,0.0,0.0,0.0,0.43,0.0,0.0
431,NTSC,1 Lap,Marine Fortress,17,th3ch0s3n0n3,24.413,2021-01-12,y2v9x9jz,2022-01-01,22.499,21.999,21.678,21.82,0.33,0.0,0.0,0.0,0.33,0.0,0.0
432,PAL,1 Lap,Marine Fortress,18,Mahrla,27.323,2011-05-27,y67wekpm,2022-01-01,22.499,21.999,21.678,21.82,0.08,0.0,0.0,0.0,0.08,0.0,0.0
433,PAL,1 Lap,Marine Fortress,19,DJ-Cat,27.809,2020-05-29,m3569rgy,2022-01-01,22.499,21.999,21.678,21.82,0.04,0.0,0.0,0.0,0.04,0.0,0.0
434,PAL,1 Lap,Marine Fortress,20,Recurv2,28.221,2021-02-02,y669jk6y,2022-01-01,22.499,21.999,21.678,21.82,0.0,0.0,0.0,0.0,0.0,0.0,0.0
435,NTSC,1 Lap,Port Blue,1,Shibbypod,24.763,2018-04-05,m3d4g2gz,2022-01-01,25.999,25.499,25.046,25.088,0.5,1.0,1.5,2.0,5.0,0.0,0.0
436,NTSC,1 Lap,Port Blue,2,doctorfeesh,24.804,2021-09-07,mk5eovvm,2022-01-01,25.999,25.499,25.046,25.088,0.5,1.0,1.5,1.75,4.75,0.0,0.0
437,NTSC,1 Lap,Port Blue,3,Game,25.046,2020-05-23,z15xovjy,2022-01-01,25.999,25.499,25.046,25.088,0.5,1.0,1.5,0.26,3.26,0.0,0.0
438,NTSC,1 Lap,Port Blue,4,MetalHead,25.088,2018-11-27,y2qje46y,2022-01-01,25.999,25.499,25.046,25.088,0.5,1.0,1.36,0.0,2.86,0.0,0.0
439,NTSC,1 Lap,Port Blue,5,MyOhMyPancakes,25.318,2020-08-24,z15ex07y,2022-01-01,25.999,25.499,25.046,25.088,0.5,1.0,0.6,0.0,2.1,0.0,0.0
440,NTSC,1 Lap,Port Blue,6,mo_moe,25.455,2017-03-09,7yl8gvnz,2022-01-01,25.999,25.499,25.046,25.088,0.5,1.0,0.15,0.0,1.65,0.0,0.0
441,NTSC,1 Lap,Port Blue,7,eToast,25.495,2020-07-18,yokxlejz,2022-01-01,25.999,25.499,25.046,25.088,0.5,1.0,0.01,0.0,1.51,0.0,0.0
442,NTSC,1 Lap,Port Blue,8,KoiIroHoshi,25.55,2017-06-30,ydq5jkqm,2022-01-01,25.999,25.499,25.046,25.088,0.5,0.9,0.0,0.0,1.4,0.0,0.0
443,NTSC,1 Lap,Port Blue,9,quickpersonsIND,25.555,2018-12-06,y6p23epm,2022-01-01,25.999,25.499,25.046,25.088,0.5,0.89,0.0,0.0,1.39,0.0,0.0
444,NTSC,1 Lap,Port Blue,10,meauxdal,25.576,2017-11-02,y670110m,2022-01-01,25.999,25.499,25.046,25.088,0.5,0.85,0.0,0.0,1.35,0.0,0.0
445,NTSC,1 Lap,Port Blue,11,andypanther,25.644,2021-07-13,y8edn41y,2022-01-01,25.999,25.499,25.046,25.088,0.5,0.71,0.0,0.0,1.21,0.0,0.0
446,NTSC,1 Lap,Port Blue,12,analogism,25.649,2015-12-22,dy47nrny,2022-01-01,25.999,25.499,25.046,25.088,0.5,0.7,0.0,0.0,1.2,0.0,0.0
447,NTSC,1 Lap,Port Blue,13,Bert86,25.67,2019-07-30,yj36re3z,2022-01-01,25.999,25.499,25.046,25.088,0.5,0.66,0.0,0.0,1.16,0.0,0.0
448,NTSC,1 Lap,Port Blue,14,GhillieGuide,26.017,2016-10-14,8yvn604m,2022-01-01,25.999,25.499,25.046,25.088,0.5,0.0,0.0,0.0,0.5,0.0,0.0
449,NTSC,1 Lap,Port Blue,15,RSR,26.889,2019-11-10,z1jqev7z,2022-01-01,25.999,25.499,25.046,25.088,0.43,0.0,0.0,0.0,0.43,0.0,0.0
450,NTSC,1 Lap,Port Blue,16,th3ch0s3n0n3,26.899,2021-01-12,yv2414xm,2022-01-01,25.999,25.499,25.046,25.088,0.42,0.0,0.0,0.0,0.42,0.0,0.0
451,NTSC,1 Lap,Port Blue,17,Bace,26.941,2018-03-18,yjk700nm,2022-01-01,25.999,25.499,25.046,25.088,0.42,0.0,0.0,0.0,0.42,0.0,0.0
452,NTSC,1 Lap,Port Blue,18,Maple_Hood,26.997,2014-02-24,nz1pxxwz,2022-01-01,25.999,25.499,25.046,25.088,0.42,0.0,0.0,0.0,0.42,0.0,0.0
453,PAL,1 Lap,Port Blue,19,AdomHaMez,28.385,2021-09-30,zp8pq4vy,2022-01-01,25.999,25.499,25.046,25.088,0.3,0.0,0.0,0.0,0.3,0.0,0.0
454,PAL,1 Lap,Port Blue,20,Mahrla,30.698,2011-05-26,zgn1o4dy,2022-01-01,25.999,25.499,25.046,25.088,0.1,0.0,0.0,0.0,0.1,0.0,0.0
455,PAL,1 Lap,Port Blue,21,JimB,31.332,2018-04-21,z5oq7jgy,2022-01-01,25.999,25.499,25.046,25.088,0.05,0.0,0.0,0.0,0.05,0.0,0.0
456,PAL,1 Lap,Port Blue,22,DJ-Cat,31.74,2020-06-18,z05lgqem,2022-01-01,25.999,25.499,25.046,25.088,0.02,0.0,0.0,0.0,0.02,0.0,0.0
457,PAL,1 Lap,Port Blue,23,Recurv2,31.943,2021-02-03,m3nnkg6y,2022-01-01,25.999,25.499,25.046,25.088,0.0,0.0,0.0,0.0,0.0,0.0,0.0
458,NTSC,1 Lap,Twilight City,1,Shibbypod,26.991,2018-04-15,y23466wm,2022-01-01,27.999,27.499,27.258,27.307,0.5,1.0,1.5,2.0,5.0,0.0,0.0
459,NTSC,1 Lap,Twilight City,2,Illudude,27.21,2020-09-20,z093658z,2022-01-01,27.999,27.499,27.258,27.307,0.5,1.0,1.5,0.61,3.61,0.0,0.0
460,NTSC,1 Lap,Twilight City,3,doctorfeesh,27.258,2020-12-30,y4evj1dm,2022-01-01,27.999,27.499,27.258,27.307,0.5,1.0,1.5,0.31,3.31,0.0,0.0
461,NTSC,1 Lap,Twilight City,4,mo_moe,27.307,2017-04-01,yjkj4lgm,2022-01-01,27.999,27.499,27.258,27.307,0.5,1.0,1.2,0.0,2.7,0.0,0.0
462,NTSC,1 Lap,Twilight City,5,Game,27.335,2018-04-15,zg77nxez,2022-01-01,27.999,27.499,27.258,27.307,0.5,1.0,1.02,0.0,2.52,0.0,0.0
463,NTSC,1 Lap,Twilight City,6,MetalHead,27.336,2018-09-20,y437er3z,2022-01-01,27.999,27.499,27.258,27.307,0.5,1.0,1.01,0.0,2.51,0.0,0.0
464,NTSC,1 Lap,Twilight City,7,meauxdal,27.356,2017-12-24,zq6j5n9y,2022-01-01,27.999,27.499,27.258,27.307,0.5,1.0,0.89,0.0,2.39,0.0,0.0
465,NTSC,1 Lap,Twilight City,8,andypanther,27.432,2018-01-25,z0eq174m,2022-01-01,27.999,27.499,27.258,27.307,0.5,1.0,0.42,0.0,1.92,0.0,0.0
466,NTSC,1 Lap,Twilight City,9,MyOhMyPancakes,27.433,2019-09-23,mexjd19z,2022-01-01,27.999,27.499,27.258,27.307,0.5,1.0,0.41,0.0,1.91,0.0,0.0
467,NTSC,1 Lap,Twilight City,10,quickpersonsIND,27.448,2018-10-15,yo2r191z,2022-01-01,27.999,27.499,27.258,27.307,0.5,1.0,0.32,0.0,1.82,0.0,0.0
468,NTSC,1 Lap,Twilight City,11,AS_Money,27.492,2019-01-06,z03xvnez,2022-01-01,27.999,27.499,27.258,27.307,0.5,1.0,0.04,0.0,1.54,0.0,0.0
469,NTSC,1 Lap,Twilight City,12,KoiIroHoshi,27.624,2017-12-25,m3dqpjdz,2022-01-01,27.999,27.499,27.258,27.307,0.5,0.75,0.0,0.0,1.25,0.0,0.0
470,NTSC,1 Lap,Twilight City,13,analogism,27.912,2016-05-14,6yj884gm,2022-01-01,27.999,27.499,27.258,27.307,0.5,0.17,0.0,0.0,0.67,0.0,0.0
471,NTSC,1 Lap,Twilight City,14,bobakanoosh55555,27.92,2021-07-08,y2x4jnwm,2022-01-01,27.999,27.499,27.258,27.307,0.5,0.16,0.0,0.0,0.66,0.0,0.0
472,NTSC,1 Lap,Twilight City,15,GhillieGuide,28.067,2016-06-07,wzpwl7xy,2022-01-01,27.999,27.499,27.258,27.307,0.5,0.0,0.0,0.0,0.5,0.0,0.0
473,NTSC,1 Lap,Twilight City,16,th3ch0s3n0n3,28.389,2021-04-12,z0rwk5ez,2022-01-01,27.999,27.499,27.258,27.307,0.48,0.0,0.0,0.0,0.48,0.0,0.010000000000000009
474,NTSC,1 Lap,Twilight City,17,RSR,28.51,2020-05-30,mrk648dy,2022-01-01,27.999,27.499,27.258,27.307,0.48,0.0,0.0,0.0,0.48,0.0,0.019999999999999962
475,NTSC,1 Lap,Twilight City,18,RyanWarner,28.681,2021-07-11,ydrxggqz,2022-01-01,27.999,27.499,27.258,27.307,0.47,0.0,0.0,0.0,0.47,0.0,0.019999999999999962
476,NTSC,1 Lap,Twilight City,19,Bace,28.792,2018-01-16,y97j3xnm,2022-01-01,27.999,27.499,27.258,27.307,0.46,0.0,0.0,0.0,0.46,0.0,0.010000000000000009
477,NTSC,1 Lap,Twilight City,20,Maple_Hood,29.134,2014-04-09,9yop665m,2022-01-01,27.999,27.499,27.258,27.307,0.45,0.0,0.0,0.0,0.45,0.0,0.030000000000000027
478,PAL,1 Lap,Twilight City,21,AdomHaMez,29.874,2021-09-24,y27jrp6z,2022-01-01,27.999,27.499,27.258,27.307,0.42,0.0,0.0,0.0,0.42,0.0,0.04999999999999999
479,PAL,1 Lap,Twilight City,22,Mahrla,32.978,2011-05-28,zpqvx7gy,2022-01-01,27.999,27.499,27.258,27.307,0.28,0.0,0.0,0.0,0.28,0.0,0.12000000000000002
480,PAL,1 Lap,Twilight City,23,Recurv2,33.995,2021-02-07,zgxgqoem,2022-01-01,27.999,27.499,27.258,27.307,0.23,0.0,0.0,0.0,0.23,0.0,0.14
481,PAL,1 Lap,Twilight City,24,JimB,34.119,2018-11-12,mk9d0x3z,2022-01-01,27.999,27.499,27.258,27.307,0.23,0.0,0.0,0.0,0.23,0.0,0.15000000000000002
482,PAL,1 Lap,Twilight City,25,DJ-Cat,35.282,2020-07-23,z5jl1egm,2022-01-01,27.999,27.499,27.258,27.307,0.18,0.0,0.0,0.0,0.18,0.0,0.18
483,PAL,1 Lap,Twilight City,26,PasiKienzi,39.258,2021-10-20,ywkw102y,2022-01-01,27.999,27.499,27.258,27.307,0.0,0.0,0.0,0.0,0.0,,
484,NTSC,1 Lap,Glacier Coast,1,Shibbypod,23.891,2018-12-05,zn4vwj8m,2022-01-01,24.999,24.499,24.205,24.285,0.5,1.0,1.5,2.0,5.0,0.0,0.0
485,NTSC,1 Lap,Glacier Coast,2,doctorfeesh,24.188,2020-04-30,yv69344z,2022-01-01,24.999,24.499,24.205,24.285,0.5,1.0,1.5,0.49,3.49,0.0,0.0
486,NTSC,1 Lap,Glacier Coast,3,Game,24.205,2018-12-01,y6pojq6m,2022-01-01,24.999,24.499,24.205,24.285,0.5,1.0,1.5,0.41,3.41,0.0,0.0
487,NTSC,1 Lap,Glacier Coast,4,mo_moe,24.285,2017-07-14,zgnvrvdy,2022-01-01,24.999,24.499,24.205,24.285,0.5,1.0,1.09,0.0,2.59,0.0,0.0
488,NTSC,1 Lap,Glacier Coast,5,Illudude,24.367,2020-07-27,y65j32pz,2022-01-01,24.999,24.499,24.205,24.285,0.5,1.0,0.67,0.0,2.17,0.0,0.0
489,NTSC,1 Lap,Glacier Coast,6,MDK1,24.399,2020-07-04,yoko6ejz,2022-01-01,24.999,24.499,24.205,24.285,0.5,1.0,0.51,0.0,2.01,0.0,0.0
490,NTSC,1 Lap,Glacier Coast,7,analogism,24.418,2016-04-11,9mrr5ndm,2022-01-01,24.999,24.499,24.205,24.285,0.5,1.0,0.41,0.0,1.91,0.0,0.0
491,NTSC,1 Lap,Glacier Coast,8,meauxdal,24.424,2018-10-13,y89jgwdm,2022-01-01,24.999,24.499,24.205,24.285,0.5,1.0,0.38,0.0,1.88,0.0,0.0
492,NTSC,1 Lap,Glacier Coast,9,MyOhMyPancakes,24.585,2019-04-05,mr8p417y,2022-01-01,24.999,24.499,24.205,24.285,0.5,0.83,0.0,0.0,1.33,0.0,0.0
493,NTSC,1 Lap,Glacier Coast,10,MetalHead,24.604,2019-09-14,y6ln6qqy,2022-01-01,24.999,24.499,24.205,24.285,0.5,0.79,0.0,0.0,1.29,0.0,0.0
494,NTSC,1 Lap,Glacier Coast,11,andypanther,24.627,2021-07-01,y939wrky,2022-01-01,24.999,24.499,24.205,24.285,0.5,0.74,0.0,0.0,1.24,0.0,0.0
495,NTSC,1 Lap,Glacier Coast,12,AS_Money,24.643,2020-03-30,znkwn43z,2022-01-01,24.999,24.499,24.205,24.285,0.5,0.71,0.0,0.0,1.21,0.0,0.0
496,NTSC,1 Lap,Glacier Coast,13,admiralsmit,24.753,2017-12-16,yjk25d7m,2022-01-01,24.999,24.499,24.205,24.285,0.5,0.49,0.0,0.0,0.99,0.0,0.0
497,NTSC,1 Lap,Glacier Coast,14,KoiIroHoshi,24.948,2017-06-04,y2315e7m,2022-01-01,24.999,24.499,24.205,24.285,0.5,0.1,0.0,0.0,0.6,0.0,0.0
498,NTSC,1 Lap,Glacier Coast,15,the_androgyne,25.08,2018-07-23,z03535ez,2022-01-01,24.999,24.499,24.205,24.285,0.49,0.0,0.0,0.0,0.49,0.0,0.0
499,NTSC,1 Lap,Glacier Coast,16,GhillieGuide,25.382,2016-05-23,kz5en2nz,2022-01-01,24.999,24.499,24.205,24.285,0.47,0.0,0.0,0.0,0.47,0.0,0.0
500,NTSC,1 Lap,Glacier Coast,17,RyanWarner,26.513,2021-07-11,zq1oeq8m,2022-01-01,24.999,24.499,24.205,24.285,0.39,0.0,0.0,0.0,0.39,0.0,0.0
501,NTSC,1 Lap,Glacier Coast,18,Bace,26.593,2018-01-31,yjk980gm,2022-01-01,24.999,24.499,24.205,24.285,0.38,0.0,0.0,0.0,0.38,0.0,0.0
502,NTSC,1 Lap,Glacier Coast,19,th3ch0s3n0n3,26.921,2021-01-12,z505rody,2022-01-01,24.999,24.499,24.205,24.285,0.36,0.0,0.0,0.0,0.36,0.0,0.0
503,PAL,1 Lap,Glacier Coast,20,AdomHaMez,27.592,2021-09-25,yj52jq3m,2022-01-01,24.999,24.499,24.205,24.285,0.31,0.0,0.0,0.0,0.31,0.0,0.0
504,PAL,1 Lap,Glacier Coast,21,Mahrla,29.674,2011-05-28,yjkrejgm,2022-01-01,24.999,24.499,24.205,24.285,0.16,0.0,0.0,0.0,0.16,0.0,0.0
505,PAL,1 Lap,Glacier Coast,22,Recurv2,30.726,2021-02-22,y66xw6qy,2022-01-01,24.999,24.499,24.205,24.285,0.08,0.0,0.0,0.0,0.08,0.0,0.0
506,PAL,1 Lap,Glacier Coast,23,DJ-Cat,31.82,2020-05-23,y82d5n5y,2022-01-01,24.999,24.499,24.205,24.285,0.0,0.0,0.0,0.0,0.0,0.0,0.0
507,NTSC,1 Lap,Southern Island,1,Shibbypod,22.962,2018-03-21,zg77nrez,2022-01-01,23.999,23.499,23.235,23.268,0.5,1.0,1.5,2.0,5.0,0.0,0.0
508,NTSC,1 Lap,Southern Island,2,doctorfeesh,23.071,2019-10-23,mex1n00z,2022-01-01,23.999,23.499,23.235,23.268,0.5,1.0,1.5,1.29,4.29,0.0,-0.16000000000000014
509,NTSC,1 Lap,Southern Island,3,MDK1,23.235,2021-12-11,m36dpqdm,2022-01-01,23.999,23.499,23.235,23.268,0.5,1.0,1.5,0.22,3.22,,
510,NTSC,1 Lap,Southern Island,4,Game,23.268,2020-03-31,y4w594km,2022-01-01,23.999,23.499,23.235,23.268,0.5,1.0,1.31,0.0,2.81,0.0,-0.6600000000000001
511,NTSC,1 Lap,Southern Island,5,mo_moe,23.361,2017-09-12,zgnrp60y,2022-01-01,23.999,23.499,23.235,23.268,0.5,1.0,0.78,0.0,2.28,0.0,-0.1200000000000001
512,NTSC,1 Lap,Southern Island,6,MetalHead,23.451,2019-01-29,zg7olndz,2022-01-01,23.999,23.499,23.235,23.268,0.5,1.0,0.27,0.0,1.77,0.0,-0.040000000000000036
513,NTSC,1 Lap,Southern Island,7,meauxdal,23.457,2017-12-03,z5oe8pjy,2022-01-01,23.999,23.499,23.235,23.268,0.5,1.0,0.24,0.0,1.74,0.0,-0.030000000000000027
514,NTSC,1 Lap,Southern Island,8,the_androgyne,23.46,2018-07-11,y9251w2z,2022-01-01,23.999,23.499,23.235,23.268,0.5,1.0,0.22,0.0,1.72,0.0,-0.030000000000000027
515,NTSC,1 Lap,Southern Island,8,AS_Money,23.46,2019-09-15,yj3xxk3z,2022-01-01,23.999,23.499,23.235,23.268,0.5,1.0,0.22,0.0,1.72,0.0,-0.030000000000000027
516,NTSC,1 Lap,Southern Island,9,eToast,23.485,2020-07-27,z5jl9njm,2022-01-01,23.999,23.499,23.235,23.268,0.5,1.0,0.08,0.0,1.58,0.0,-0.010000000000000009
517,NTSC,1 Lap,Southern Island,10,MyOhMyPancakes,23.491,2019-09-14,y210do6z,2022-01-01,23.999,23.499,23.235,23.268,0.5,1.0,0.05,0.0,1.55,0.0,0.0
518,NTSC,1 Lap,Southern Island,11,ZubyDoo77,23.518,2020-07-29,yoke3xdz,2022-01-01,23.999,23.499,23.235,23.268,0.5,0.96,0.0,0.0,1.46,0.0,0.0
519,NTSC,1 Lap,Southern Island,12,Bert86,23.527,2018-10-16,y438p2qz,2022-01-01,23.999,23.499,23.235,23.268,0.5,0.94,0.0,0.0,1.44,0.0,0.0
520,NTSC,1 Lap,Southern Island,13,th3ch0s3n0n3,23.61,2021-01-17,yd9qgvjz,2022-01-01,23.999,23.499,23.235,23.268,0.5,0.78,0.0,0.0,1.28,0.0,0.0
521,NTSC,1 Lap,Southern Island,14,KoiIroHoshi,23.612,2017-07-06,yo4kgk5m,2022-01-01,23.999,23.499,23.235,23.268,0.5,0.77,0.0,0.0,1.27,0.0,0.0
522,NTSC,1 Lap,Southern Island,15,GhillieGuide,23.65,2016-10-11,8yvnje8m,2022-01-01,23.999,23.499,23.235,23.268,0.5,0.7,0.0,0.0,1.2,0.0,0.0
523,NTSC,1 Lap,Southern Island,16,andypanther,23.664,2020-07-28,yd5450qm,2022-01-01,23.999,23.499,23.235,23.268,0.5,0.67,0.0,0.0,1.17,0.0,0.0
524,NTSC,1 Lap,Southern Island,17,Bace,23.786,2018-01-14,y2325r9m,2022-01-01,23.999,23.499,23.235,23.268,0.5,0.43,0.0,0.0,0.93,0.0,0.0
525,NTSC,1 Lap,Southern Island,18,RyanWarner,23.985,2021-06-14,m3rk654m,2022-01-01,23.999,23.499,23.235,23.268,0.5,0.03,0.0,0.0,0.53,0.0,0.0
526,NTSC,1 Lap,Southern Island,19,dosufura,24.032,2021-10-01,y692w01y,2022-01-01,23.999,23.499,23.235,23.268,0.5,0.0,0.0,0.0,0.5,,
527,NTSC,1 Lap,Southern Island,20,Maple_Hood,24.27,2014-06-27,jy9v33rm,2022-01-01,23.999,23.499,23.235,23.268,0.48,0.0,0.0,0.0,0.48,0.0,0.0
528,NTSC,1 Lap,Southern Island,21,Speedruntrainer,24.467,2015-11-17,9me1x6qy,2022-01-01,23.999,23.499,23.235,23.268,0.46,0.0,0.0,0.0,0.46,0.0,0.0
529,PAL,1 Lap,Southern Island,22,AdomHaMez,24.638,2021-09-28,zn0e8rvy,2022-01-01,23.999,23.499,23.235,23.268,0.44,0.0,0.0,0.0,0.44,0.0,0.0
530,NTSC,1 Lap,Southern Island,23,FPScanada,25.943,2019-04-06,yj4vxxny,2022-01-01,23.999,23.499,23.235,23.268,0.32,0.0,0.0,0.0,0.32,0.0,0.0
531,NTSC,1 Lap,Southern Island,24,RideThatSurf,27.109,2020-11-04,y2d7lxjz,2022-01-01,23.999,23.499,23.235,23.268,0.21,0.0,0.0,0.0,0.21,0.0,0.0
532,PAL,1 Lap,Southern Island,25,Mahrla,28.239,2011-05-28,zgn1jndy,2022-01-01,23.999,23.499,23.235,23.268,0.11,0.0,0.0,0.0,0.11,0.0,0.0
533,PAL,1 Lap,Southern Island,26,JimB,28.772,2019-07-07,z1j53vrz,2022-01-01,23.999,23.499,23.235,23.268,0.06,0.0,0.0,0.0,0.06,0.0,0.0
534,PAL,1 Lap,Southern Island,27,Recurv2,29.295,2021-02-05,zno1r29y,2022-01-01,23.999,23.499,23.235,23.268,0.01,0.0,0.0,0.0,0.01,0.0,0.0
535,PAL,1 Lap,Southern Island,28,DJ-Cat,29.43,2020-05-15,z05626jm,2022-01-01,23.999,23.499,23.235,23.268,0.0,0.0,0.0,0.0,0.0,0.0,0.0
536,NTSC,Reverse,Sunny Beach,1,doctorfeesh,65.337,2020-05-21,z098xxoz,2022-01-01,66.999,65.999,65.844,65.939,1.0,2.0,3.0,4.0,10.0,0.0,0.0
537,NTSC,Reverse,Sunny Beach,2,Shibbypod,65.454,2019-10-03,m313qwgz,2022-01-01,66.999,65.999,65.844,65.939,1.0,2.0,3.0,3.22,9.22,0.0,-0.03999999999999915
538,NTSC,Reverse,Sunny Beach,3,Game,65.844,2018-07-07,mr8eq24y,2022-01-01,66.999,65.999,65.844,65.939,1.0,2.0,3.0,0.63,6.63,0.0,-0.17999999999999972
539,NTSC,Reverse,Sunny Beach,4,MDK1,65.939,2021-12-11,y203l3wm,2022-01-01,66.999,65.999,65.844,65.939,1.0,2.0,1.16,0.0,4.16,-2.2050000000000125,3.23
540,NTSC,Reverse,Sunny Beach,5,MyOhMyPancakes,65.972,2020-09-19,y8r916dm,2022-01-01,66.999,65.999,65.844,65.939,1.0,2.0,0.52,0.0,3.52,0.0,0.0
541,NTSC,Reverse,Sunny Beach,6,the_androgyne,66.216,2018-06-26,yl44krnm,2022-01-01,66.999,65.999,65.844,65.939,1.0,1.57,0.0,0.0,2.57,0.0,0.0
542,NTSC,Reverse,Sunny Beach,7,AS_Money,66.224,2019-07-06,m311p2wz,2022-01-01,66.999,65.999,65.844,65.939,1.0,1.55,0.0,0.0,2.55,0.0,0.0
543,NTSC,Reverse,Sunny Beach,8,MetalHead,66.296,2019-10-11,zqr7l61y,2022-01-01,66.999,65.999,65.844,65.939,1.0,1.41,0.0,0.0,2.41,0.0,0.0
544,NTSC,Reverse,Sunny Beach,9,meauxdal,66.348,2017-12-10,y8q6q7xy,2022-01-01,66.999,65.999,65.844,65.939,1.0,1.3,0.0,0.0,2.3,0.0,0.0
545,NTSC,Reverse,Sunny Beach,10,KoiIroHoshi,66.79,2017-12-22,zpqwj6xy,2022-01-01,66.999,65.999,65.844,65.939,1.0,0.42,0.0,0.0,1.42,0.0,0.0
546,NTSC,Reverse,Sunny Beach,11,quickpersonsIND,66.842,2018-10-17,y43qg83z,2022-01-01,66.999,65.999,65.844,65.939,1.0,0.31,0.0,0.0,1.31,0.0,0.0
547,NTSC,Reverse,Sunny Beach,12,andypanther,66.895,2021-07-18,yderovwm,2022-01-01,66.999,65.999,65.844,65.939,1.0,0.21,0.0,0.0,1.21,0.0,0.0
548,NTSC,Reverse,Sunny Beach,13,GhillieGuide,67.515,2017-02-03,pzg0wxvm,2022-01-01,66.999,65.999,65.844,65.939,0.97,0.0,0.0,0.0,0.97,0.0,0.0
549,NTSC,Reverse,Sunny Beach,14,NickWarner,67.809,2021-06-15,zgg8l8ez,2022-01-01,66.999,65.999,65.844,65.939,0.95,0.0,0.0,0.0,0.95,0.0,0.0
550,NTSC,Reverse,Sunny Beach,15,Bunta,67.946,2018-03-02,y23rxo7m,2022-01-01,66.999,65.999,65.844,65.939,0.94,0.0,0.0,0.0,0.94,0.0,0.0
551,NTSC,Reverse,Sunny Beach,16,Bace,68.605,2018-01-29,m3dj7jwz,2022-01-01,66.999,65.999,65.844,65.939,0.9,0.0,0.0,0.0,0.9,0.0,0.0
552,PAL,Reverse,Sunny Beach,17,JimB,79.996,2019-06-18,znr4v3ly,2022-01-01,66.999,65.999,65.844,65.939,0.23,0.0,0.0,0.0,0.23,0.0,0.0
553,PAL,Reverse,Sunny Beach,18,Ipsum86,80.454,2019-10-12,yv3046xz,2022-01-01,66.999,65.999,65.844,65.939,0.2,0.0,0.0,0.0,0.2,0.0,0.0
554,PAL,Reverse,Sunny Beach,19,Mahrla,80.598,2011-05-26,z0e2qgem,2022-01-01,66.999,65.999,65.844,65.939,0.19,0.0,0.0,0.0,0.19,0.0,0.0
555,PAL,Reverse,Sunny Beach,20,DJ-Cat,83.09,2020-07-05,z15kp19y,2022-01-01,66.999,65.999,65.844,65.939,0.04,0.0,0.0,0.0,0.04,0.0,0.0
556,PAL,Reverse,Sunny Beach,21,PuggyWuggy,83.842,2020-12-28,y4ev55qm,2022-01-01,66.999,65.999,65.844,65.939,0.0,0.0,0.0,0.0,0.0,0.0,0.0
557,NTSC,Reverse,Sunset Bay,1,MDK1,67.976,2021-11-26,mk5jk8lm,2022-01-01,69.999,68.999,68.182,68.628,1.0,2.0,3.0,4.0,10.0,-0.9809999999999945,6.66
558,NTSC,Reverse,Sunset Bay,2,doctorfeesh,67.996,2020-05-26,y257nk9y,2022-01-01,69.999,68.999,68.182,68.628,1.0,2.0,3.0,3.88,9.88,0.0,-0.11999999999999922
559,NTSC,Reverse,Sunset Bay,3,Shibbypod,68.182,2019-02-09,yl4plknm,2022-01-01,69.999,68.999,68.182,68.628,1.0,2.0,3.0,2.74,8.74,0.0,-0.129999999999999
560,NTSC,Reverse,Sunset Bay,4,Game,68.628,2018-06-23,yo22430z,2022-01-01,69.999,68.999,68.182,68.628,1.0,2.0,1.36,0.0,4.36,0.0,-1.79
561,NTSC,Reverse,Sunset Bay,5,mo_moe,68.653,2017-06-29,z0e5jx9m,2022-01-01,69.999,68.999,68.182,68.628,1.0,2.0,1.27,0.0,4.27,0.0,-1.5300000000000002
562,NTSC,Reverse,Sunset Bay,6,MetalHead,68.827,2020-12-28,y6rw740y,2022-01-01,69.999,68.999,68.182,68.628,1.0,2.0,0.63,0.0,3.63,0.0,-0.7599999999999998
563,NTSC,Reverse,Sunset Bay,7,AS_Money,68.903,2019-11-23,zplkx48m,2022-01-01,69.999,68.999,68.182,68.628,1.0,2.0,0.35,0.0,3.35,0.0,-0.4299999999999997
564,NTSC,Reverse,Sunset Bay,8,MyOhMyPancakes,68.99,2020-08-26,z15ev19y,2022-01-01,69.999,68.999,68.182,68.628,1.0,2.0,0.03,0.0,3.03,0.0,-0.040000000000000036
565,NTSC,Reverse,Sunset Bay,9,meauxdal,69.414,2018-10-13,y6pnjv6m,2022-01-01,69.999,68.999,68.182,68.628,1.0,1.17,0.0,0.0,2.17,0.0,0.0
566,NTSC,Reverse,Sunset Bay,10,the_androgyne,69.512,2018-07-12,y2q1x27y,2022-01-01,69.999,68.999,68.182,68.628,1.0,0.97,0.0,0.0,1.97,0.0,0.0
567,NTSC,Reverse,Sunset Bay,11,KoiIroHoshi,69.788,2017-12-22,z13le97m,2022-01-01,69.999,68.999,68.182,68.628,1.0,0.42,0.0,0.0,1.42,0.0,0.0
568,NTSC,Reverse,Sunset Bay,12,andypanther,69.888,2021-07-27,z5dr6lgm,2022-01-01,69.999,68.999,68.182,68.628,1.0,0.22,0.0,0.0,1.22,0.0,0.0
569,NTSC,Reverse,Sunset Bay,13,GhillieGuide,70.715,2017-06-10,yvg3vnoy,2022-01-01,69.999,68.999,68.182,68.628,0.96,0.0,0.0,0.0,0.96,0.0,0.0
570,NTSC,Reverse,Sunset Bay,14,gplehner,72.952,2020-08-22,yokggj7z,2022-01-01,69.999,68.999,68.182,68.628,0.83,0.0,0.0,0.0,0.83,0.0,0.0
571,NTSC,Reverse,Sunset Bay,15,Bace,72.994,2018-01-31,yo4xlwdm,2022-01-01,69.999,68.999,68.182,68.628,0.83,0.0,0.0,0.0,0.83,0.0,0.0
572,NTSC,Reverse,Sunset Bay,16,RyanWarner,74.318,2020-07-17,y82pj6wy,2022-01-01,69.999,68.999,68.182,68.628,0.76,0.0,0.0,0.0,0.76,0.0,0.0
573,PAL,Reverse,Sunset Bay,17,Ipsum86,84.652,2020-05-07,m35gvr6y,2022-01-01,69.999,68.999,68.182,68.628,0.17,0.0,0.0,0.0,0.17,0.0,0.0
574,PAL,Reverse,Sunset Bay,18,Mahrla,85.359,2011-05-26,mk4x161y,2022-01-01,69.999,68.999,68.182,68.628,0.13,0.0,0.0,0.0,0.13,0.0,0.0
575,PAL,Reverse,Sunset Bay,19,JimB,85.893,2018-07-14,y891xr5m,2022-01-01,69.999,68.999,68.182,68.628,0.1,0.0,0.0,0.0,0.1,0.0,0.0
576,PAL,Reverse,Sunset Bay,20,DJ-Cat,87.657,2020-07-17,y25w595y,2022-01-01,69.999,68.999,68.182,68.628,0.0,0.0,0.0,0.0,0.0,0.0,0.0
577,NTSC,Reverse,Drake Lake,1,Game,71.222,2019-09-29,z57232jm,2022-01-01,72.999,71.999,71.327,71.384,1.0,2.0,3.0,4.0,10.0,0.0,0.0
578,NTSC,Reverse,Drake Lake,2,doctorfeesh,71.298,2019-04-04,mr8p9k7y,2022-01-01,72.999,71.999,71.327,71.384,1.0,2.0,3.0,2.12,8.12,0.0,0.0
579,NTSC,Reverse,Drake Lake,3,Shibbypod,71.327,2019-08-14,yl0ewxry,2022-01-01,72.999,71.999,71.327,71.384,1.0,2.0,3.0,1.41,7.41,0.0,0.0
580,NTSC,Reverse,Drake Lake,4,MyOhMyPancakes,71.384,2021-07-16,z5rqkj5y,2022-01-01,72.999,71.999,71.327,71.384,1.0,2.0,2.75,0.0,5.75,0.0,0.0
581,NTSC,Reverse,Drake Lake,5,Illudude,71.423,2018-01-15,mekw7d3m,2022-01-01,72.999,71.999,71.327,71.384,1.0,2.0,2.57,0.0,5.57,0.0,0.0
582,NTSC,Reverse,Drake Lake,6,quickpersonsIND,71.504,2018-12-26,y6pq650m,2022-01-01,72.999,71.999,71.327,71.384,1.0,2.0,2.21,0.0,5.21,0.0,0.0
583,NTSC,Reverse,Drake Lake,7,MDK1,71.67,2020-06-07,z5j2rqgm,2022-01-01,72.999,71.999,71.327,71.384,1.0,2.0,1.47,0.0,4.47,0.0,0.0
584,NTSC,Reverse,Drake Lake,8,the_androgyne,71.731,2018-07-06,zq33oq8y,2022-01-01,72.999,71.999,71.327,71.384,1.0,2.0,1.2,0.0,4.2,0.0,0.0
585,NTSC,Reverse,Drake Lake,9,andypanther,71.823,2021-07-15,ydero4wm,2022-01-01,72.999,71.999,71.327,71.384,1.0,2.0,0.79,0.0,3.79,0.0,0.0
586,NTSC,Reverse,Drake Lake,10,AS_Money,71.867,2019-09-30,zxk7658m,2022-01-01,72.999,71.999,71.327,71.384,1.0,2.0,0.59,0.0,3.59,0.0,0.0
587,NTSC,Reverse,Drake Lake,11,MetalHead,71.938,2019-10-09,zp49oevz,2022-01-01,72.999,71.999,71.327,71.384,1.0,2.0,0.27,0.0,3.27,0.0,0.0
588,NTSC,Reverse,Drake Lake,12,mrpitchy,71.979,2019-03-17,y2q6187y,2022-01-01,72.999,71.999,71.327,71.384,1.0,2.0,0.09,0.0,3.09,0.0,0.0
589,NTSC,Reverse,Drake Lake,13,meauxdal,72.078,2017-12-28,mek0v98m,2022-01-01,72.999,71.999,71.327,71.384,1.0,1.84,0.0,0.0,2.84,0.0,0.0
590,NTSC,Reverse,Drake Lake,14,GhillieGuide,72.203,2017-07-23,y45e4ndm,2022-01-01,72.999,71.999,71.327,71.384,1.0,1.59,0.0,0.0,2.59,0.0,0.0
591,NTSC,Reverse,Drake Lake,15,KoiIroHoshi,72.525,2017-06-25,y45wrg3m,2022-01-01,72.999,71.999,71.327,71.384,1.0,0.95,0.0,0.0,1.95,0.0,0.0
592,NTSC,Reverse,Drake Lake,16,kirch,72.837,2018-07-05,z11j3r7z,2022-01-01,72.999,71.999,71.327,71.384,1.0,0.32,0.0,0.0,1.32,0.0,0.0
593,NTSC,Reverse,Drake Lake,17,RyanWarner,74.231,2021-12-12,y20q5k9m,2022-01-01,72.999,71.999,71.327,71.384,0.93,0.0,0.0,0.0,0.93,,
594,NTSC,Reverse,Drake Lake,18,Bace,75.252,2018-01-29,zgnor9dy,2022-01-01,72.999,71.999,71.327,71.384,0.87,0.0,0.0,0.0,0.87,0.0,0.0
595,PAL,Reverse,Drake Lake,19,JimB,87.239,2019-06-19,y6lpqnjy,2022-01-01,72.999,71.999,71.327,71.384,0.19,0.0,0.0,0.0,0.19,0.0,0.0
596,PAL,Reverse,Drake Lake,20,Mahrla,88.671,2011-05-11,zq6nqlxy,2022-01-01,72.999,71.999,71.327,71.384,0.11,0.0,0.0,0.0,0.11,0.0,0.0
597,PAL,Reverse,Drake Lake,21,DJ-Cat,90.681,2020-07-06,y4wkqoqm,2022-01-01,72.999,71.999,71.327,71.384,0.0,0.0,0.0,0.0,0.0,0.0,0.0
598,NTSC,Reverse,Marine Fortress,1,Shibbypod,69.733,2019-01-27,m7po2rem,2022-01-01,70.999,69.999,69.922,70.536,1.0,2.0,3.0,4.0,10.0,0.0,0.0
599,NTSC,Reverse,Marine Fortress,2,doctorfeesh,69.795,2020-08-24,z05gol4m,2022-01-01,70.999,69.999,69.922,70.536,1.0,2.0,3.0,3.69,9.69,0.0,0.0
600,NTSC,Reverse,Marine Fortress,3,Game,69.922,2019-07-13,znrke67y,2022-01-01,70.999,69.999,69.922,70.536,1.0,2.0,3.0,3.06,9.06,0.0,0.0
601,NTSC,Reverse,Marine Fortress,4,AS_Money,70.536,2020-12-11,me6ng40z,2022-01-01,70.999,69.999,69.922,70.536,1.0,0.93,0.0,0.0,1.93,0.0,0.0
602,NTSC,Reverse,Marine Fortress,5,MyOhMyPancakes,70.754,2018-07-23,zn4k4j9m,2022-01-01,70.999,69.999,69.922,70.536,1.0,0.49,0.0,0.0,1.49,0.0,0.0
603,NTSC,Reverse,Marine Fortress,6,mo_moe,70.814,2017-10-02,y230pe7m,2022-01-01,70.999,69.999,69.922,70.536,1.0,0.37,0.0,0.0,1.37,0.0,0.0
604,NTSC,Reverse,Marine Fortress,7,GhillieGuide,70.969,2018-07-20,zn4o3e9m,2022-01-01,70.999,69.999,69.922,70.536,1.0,0.06,0.0,0.0,1.06,0.0,0.0
605,NTSC,Reverse,Marine Fortress,8,MetalHead,71.171,2021-04-13,m7d9ppwm,2022-01-01,70.999,69.999,69.922,70.536,0.99,0.0,0.0,0.0,0.99,0.0,0.0
606,NTSC,Reverse,Marine Fortress,9,the_androgyne,71.309,2018-07-19,y43104dz,2022-01-01,70.999,69.999,69.922,70.536,0.99,0.0,0.0,0.0,0.99,0.0,0.0
607,NTSC,Reverse,Marine Fortress,10,KoiIroHoshi,71.899,2017-06-20,mekok42m,2022-01-01,70.999,69.999,69.922,70.536,0.96,0.0,0.0,0.0,0.96,0.0,0.0
608,NTSC,Reverse,Marine Fortress,11,andypanther,72.218,2021-07-21,y27xr49z,2022-01-01,70.999,69.999,69.922,70.536,0.94,0.0,0.0,0.0,0.94,0.0,0.0
609,NTSC,Reverse,Marine Fortress,12,Bunta,72.42,2018-02-19,zn8gep9z,2022-01-01,70.999,69.999,69.922,70.536,0.93,0.0,0.0,0.0,0.93,0.0,0.0
610,NTSC,Reverse,Marine Fortress,13,meauxdal,72.485,2019-02-08,mk9okj1z,2022-01-01,70.999,69.999,69.922,70.536,0.93,0.0,0.0,0.0,0.93,0.0,0.0
611,NTSC,Reverse,Marine Fortress,14,RyanWarner,76.106,2020-07-24,yd5vg6vm,2022-01-01,70.999,69.999,69.922,70.536,0.76,0.0,0.0,0.0,0.76,0.0,0.0
612,NTSC,Reverse,Marine Fortress,15,Bace,78.46,2018-03-18,y23rl56m,2022-01-01,70.999,69.999,69.922,70.536,0.65,0.0,0.0,0.0,0.65,0.0,0.0
613,PAL,Reverse,Marine Fortress,16,JimB,88.499,2019-06-17,mk29devm,2022-01-01,70.999,69.999,69.922,70.536,0.19,0.0,0.0,0.0,0.19,0.0,0.0
614,PAL,Reverse,Marine Fortress,17,Mahrla,91.149,2011-05-27,yvgexw6y,2022-01-01,70.999,69.999,69.922,70.536,0.06,0.0,0.0,0.0,0.06,0.0,0.0
615,PAL,Reverse,Marine Fortress,18,DJ-Cat,92.521,2020-07-23,zprk0pgm,2022-01-01,70.999,69.999,69.922,70.536,0.0,0.0,0.0,0.0,0.0,0.0,0.0
616,NTSC,Reverse,Port Blue,1,doctorfeesh,75.039,2020-08-04,z05k1vom,2022-01-01,76.999,75.999,75.993,76.717,1.0,2.0,3.0,4.0,10.0,0.0,0.0
617,NTSC,Reverse,Port Blue,2,Shibbypod,75.468,2019-06-18,mk290wxm,2022-01-01,76.999,75.999,75.993,76.717,1.0,2.0,3.0,2.98,8.98,0.0,0.0
618,NTSC,Reverse,Port Blue,3,Game,75.993,2020-08-04,yd5o56qm,2022-01-01,76.999,75.999,75.993,76.717,1.0,2.0,3.0,1.73,7.73,0.0,0.0
619,NTSC,Reverse,Port Blue,4,AS_Money,76.717,2021-01-02,ylvw1r2m,2022-01-01,76.999,75.999,75.993,76.717,1.0,0.56,0.0,0.0,1.56,0.0,0.0
620,NTSC,Reverse,Port Blue,5,mo_moe,76.889,2017-08-15,yvg13joy,2022-01-01,76.999,75.999,75.993,76.717,1.0,0.22,0.0,0.0,1.22,0.0,0.0
621,NTSC,Reverse,Port Blue,6,MyOhMyPancakes,76.942,2020-08-04,y4w0wwqm,2022-01-01,76.999,75.999,75.993,76.717,1.0,0.11,0.0,0.0,1.11,0.0,0.0
622,NTSC,Reverse,Port Blue,7,MetalHead,77.266,2019-06-18,y95269nz,2022-01-01,76.999,75.999,75.993,76.717,0.99,0.0,0.0,0.0,0.99,0.0,0.0
623,NTSC,Reverse,Port Blue,8,KoiIroHoshi,77.385,2017-12-22,mrqlgvgy,2022-01-01,76.999,75.999,75.993,76.717,0.98,0.0,0.0,0.0,0.98,0.0,0.0
624,NTSC,Reverse,Port Blue,9,GhillieGuide,77.694,2017-06-20,zq6w6xxy,2022-01-01,76.999,75.999,75.993,76.717,0.96,0.0,0.0,0.0,0.96,0.0,0.0
625,NTSC,Reverse,Port Blue,10,the_androgyne,77.698,2018-04-03,yvgk4nxy,2022-01-01,76.999,75.999,75.993,76.717,0.96,0.0,0.0,0.0,0.96,0.0,0.0
626,NTSC,Reverse,Port Blue,11,meauxdal,77.726,2017-11-19,y8qxl4xy,2022-01-01,76.999,75.999,75.993,76.717,0.96,0.0,0.0,0.0,0.96,0.0,0.0
627,NTSC,Reverse,Port Blue,12,andypanther,78.015,2021-07-13,yj5g7vgm,2022-01-01,76.999,75.999,75.993,76.717,0.95,0.0,0.0,0.0,0.95,0.0,0.0
628,NTSC,Reverse,Port Blue,13,Bunta,80.483,2018-03-09,y678d16m,2022-01-01,76.999,75.999,75.993,76.717,0.81,0.0,0.0,0.0,0.81,0.0,0.0
629,NTSC,Reverse,Port Blue,14,Bace,83.325,2018-03-18,y6784vqm,2022-01-01,76.999,75.999,75.993,76.717,0.66,0.0,0.0,0.0,0.66,0.0,0.0
630,PAL,Reverse,Port Blue,15,Mahrla,94.155,2011-05-27,yo48x1dm,2022-01-01,76.999,75.999,75.993,76.717,0.07,0.0,0.0,0.0,0.07,0.0,0.0
631,PAL,Reverse,Port Blue,16,JimB,95.056,2018-07-22,m7pqrl0m,2022-01-01,76.999,75.999,75.993,76.717,0.02,0.0,0.0,0.0,0.02,0.0,0.0
632,PAL,Reverse,Port Blue,17,DJ-Cat,95.479,2020-07-17,mrkxkq8y,2022-01-01,76.999,75.999,75.993,76.717,0.0,0.0,0.0,0.0,0.0,0.0,0.0
633,NTSC,Reverse,Twilight City,1,doctorfeesh,94.004,2020-11-15,zq49g1rm,2022-01-01,95.999,94.999,94.654,94.898,1.0,2.0,3.0,4.0,10.0,0.0,0.0
634,NTSC,Reverse,Twilight City,2,MDK1,94.58,2021-11-26,ywklrr2y,2022-01-01,95.999,94.999,94.654,94.898,1.0,2.0,3.0,1.42,7.42,-1.8070000000000022,6.4399999999999995
635,NTSC,Reverse,Twilight City,3,Shibbypod,94.654,2018-08-22,y432enkz,2022-01-01,95.999,94.999,94.654,94.898,1.0,2.0,3.0,1.09,7.09,0.0,0.0
636,NTSC,Reverse,Twilight City,4,Game,94.898,2018-07-31,yd35npvz,2022-01-01,95.999,94.999,94.654,94.898,1.0,2.0,0.88,0.0,3.88,0.0,-2.12
637,NTSC,Reverse,Twilight City,5,MyOhMyPancakes,94.899,2020-11-12,y6r0o0py,2022-01-01,95.999,94.999,94.654,94.898,1.0,2.0,0.87,0.0,3.87,0.0,-2.0999999999999996
638,NTSC,Reverse,Twilight City,6,the_androgyne,95.097,2018-07-27,m7pgwe9m,2022-01-01,95.999,94.999,94.654,94.898,1.0,1.8,0.0,0.0,2.8,0.0,0.0
639,NTSC,Reverse,Twilight City,7,meauxdal,95.179,2020-11-18,y8rxov5m,2022-01-01,95.999,94.999,94.654,94.898,1.0,1.64,0.0,0.0,2.64,0.0,0.0
640,NTSC,Reverse,Twilight City,8,AS_Money,95.666,2019-11-14,z57p3nnm,2022-01-01,95.999,94.999,94.654,94.898,1.0,0.67,0.0,0.0,1.67,0.0,0.0
641,NTSC,Reverse,Twilight City,9,mo_moe,95.727,2017-08-26,zq60k78y,2022-01-01,95.999,94.999,94.654,94.898,1.0,0.54,0.0,0.0,1.54,0.0,0.0
642,NTSC,Reverse,Twilight City,10,KoiIroHoshi,95.781,2017-12-27,y45odl3m,2022-01-01,95.999,94.999,94.654,94.898,1.0,0.44,0.0,0.0,1.44,0.0,0.0
643,NTSC,Reverse,Twilight City,11,MetalHead,96.612,2018-07-25,me8o640m,2022-01-01,95.999,94.999,94.654,94.898,0.97,0.0,0.0,0.0,0.97,0.0,0.0
644,NTSC,Reverse,Twilight City,12,andypanther,96.712,2021-07-03,mk5grn1m,2022-01-01,95.999,94.999,94.654,94.898,0.97,0.0,0.0,0.0,0.97,0.0,0.0
645,NTSC,Reverse,Twilight City,13,GhillieGuide,96.73,2017-06-21,yjkl3w7m,2022-01-01,95.999,94.999,94.654,94.898,0.97,0.0,0.0,0.0,0.97,0.0,0.0
646,NTSC,Reverse,Twilight City,14,RyanWarner,98.789,2021-12-17,zxlk9l5z,2022-01-01,95.999,94.999,94.654,94.898,0.88,0.0,0.0,0.0,0.88,,
647,NTSC,Reverse,Twilight City,15,Bace,103.321,2018-03-18,zpq5exny,2022-01-01,95.999,94.999,94.654,94.898,0.69,0.0,0.0,0.0,0.69,0.0,0.0
648,PAL,Reverse,Twilight City,16,JimB,116.917,2018-11-25,yo2l6g7z,2022-01-01,95.999,94.999,94.654,94.898,0.1,0.0,0.0,0.0,0.1,0.0,0.0
649,PAL,Reverse,Twilight City,17,Mahrla,117.253,2011-05-28,ydqplkjm,2022-01-01,95.999,94.999,94.654,94.898,0.09,0.0,0.0,0.0,0.09,0.0,0.0
650,PAL,Reverse,Twilight City,18,DJ-Cat,119.332,2020-07-23,y90p28vy,2022-01-01,95.999,94.999,94.654,94.898,0.0,0.0,0.0,0.0,0.0,0.0,0.0
651,NTSC,Reverse,Glacier Coast,1,Shibbypod,80.181,2021-07-03,mkel8rxm,2022-01-01,81.999,80.999,80.649,81.673,1.0,2.0,3.0,4.0,10.0,0.0,0.0
652,NTSC,Reverse,Glacier Coast,2,doctorfeesh,80.336,2021-11-30,yle3r3xz,2022-01-01,81.999,80.999,80.649,81.673,1.0,2.0,3.0,3.58,9.58,-0.29300000000000637,0.7799999999999994
653,NTSC,Reverse,Glacier Coast,3,Game,80.649,2019-12-07,m31j72wz,2022-01-01,81.999,80.999,80.649,81.673,1.0,2.0,3.0,2.75,8.75,0.0,0.0
654,NTSC,Reverse,Glacier Coast,4,AS_Money,81.673,2019-10-06,z1jpk4jz,2022-01-01,81.999,80.999,80.649,81.673,1.0,0.65,0.0,0.0,1.65,0.0,0.0
655,NTSC,Reverse,Glacier Coast,5,andypanther,82.255,2020-07-27,yokevw5z,2022-01-01,81.999,80.999,80.649,81.673,0.99,0.0,0.0,0.0,0.99,0.0,0.0
656,NTSC,Reverse,Glacier Coast,6,MyOhMyPancakes,82.469,2019-01-23,yl4xo4xm,2022-01-01,81.999,80.999,80.649,81.673,0.98,0.0,0.0,0.0,0.98,0.0,0.0
657,NTSC,Reverse,Glacier Coast,7,MetalHead,82.524,2019-06-14,y6lp63jy,2022-01-01,81.999,80.999,80.649,81.673,0.98,0.0,0.0,0.0,0.98,0.0,0.0
658,NTSC,Reverse,Glacier Coast,8,KoiIroHoshi,82.579,2017-06-10,z5o7xl5y,2022-01-01,81.999,80.999,80.649,81.673,0.97,0.0,0.0,0.0,0.97,0.0,0.0
659,NTSC,Reverse,Glacier Coast,9,meauxdal,82.611,2018-01-24,y67vk80m,2022-01-01,81.999,80.999,80.649,81.673,0.97,0.0,0.0,0.0,0.97,0.0,0.0
660,NTSC,Reverse,Glacier Coast,10,ZubyDoo77,82.623,2020-07-25,y65g2qqz,2022-01-01,81.999,80.999,80.649,81.673,0.97,0.0,0.0,0.0,0.97,0.0,0.0
661,NTSC,Reverse,Glacier Coast,11,GhillieGuide,82.737,2018-04-18,zxv1v65y,2022-01-01,81.999,80.999,80.649,81.673,0.97,0.0,0.0,0.0,0.97,0.0,0.0
662,NTSC,Reverse,Glacier Coast,12,the_androgyne,82.794,2018-01-25,zpqxn38y,2022-01-01,81.999,80.999,80.649,81.673,0.96,0.0,0.0,0.0,0.96,0.0,0.0
663,NTSC,Reverse,Glacier Coast,13,Bace,86.017,2018-03-18,y8qn45ny,2022-01-01,81.999,80.999,80.649,81.673,0.82,0.0,0.0,0.0,0.82,0.0,0.0
664,NTSC,Reverse,Glacier Coast,14,RyanWarner,87.908,2021-07-11,y6d4oejm,2022-01-01,81.999,80.999,80.649,81.673,0.74,0.0,0.0,0.0,0.74,0.0,0.0
665,PAL,Reverse,Glacier Coast,15,JimB,99.96,2019-06-15,z1j18wjz,2022-01-01,81.999,80.999,80.649,81.673,0.2,0.0,0.0,0.0,0.2,0.0,0.0
666,PAL,Reverse,Glacier Coast,16,Mahrla,101.59,2011-05-28,yo48qvdm,2022-01-01,81.999,80.999,80.649,81.673,0.13,0.0,0.0,0.0,0.13,0.0,0.0
667,PAL,Reverse,Glacier Coast,17,DJ-Cat,104.409,2020-06-05,yv6rg0ez,2022-01-01,81.999,80.999,80.649,81.673,0.0,0.0,0.0,0.0,0.0,0.0,0.0
668,NTSC,Reverse,Southern Island,1,Shibbypod,79.726,2021-06-19,zp1x3prz,2022-01-01,80.999,79.999,79.994,80.542,1.0,2.0,3.0,4.0,10.0,0.0,0.0
669,NTSC,Reverse,Southern Island,2,MDK1,79.897,2021-12-22,y8j297wz,2022-01-01,80.999,79.999,79.994,80.542,1.0,2.0,3.0,3.16,9.16,,
670,NTSC,Reverse,Southern Island,3,doctorfeesh,79.994,2021-07-31,y475j5dy,2022-01-01,80.999,79.999,79.994,80.542,1.0,2.0,3.0,2.69,8.69,0.0,-0.46000000000000085
671,NTSC,Reverse,Southern Island,4,Game,80.542,2018-11-03,yd31qrqz,2022-01-01,80.999,79.999,79.994,80.542,1.0,0.91,0.0,0.0,1.91,0.0,-5.51
672,NTSC,Reverse,Southern Island,5,AS_Money,80.99,2019-09-28,mk8o12vm,2022-01-01,80.999,79.999,79.994,80.542,1.0,0.02,0.0,0.0,1.02,0.0,-2.04
673,NTSC,Reverse,Southern Island,6,mo_moe,80.993,2017-10-10,zxvlprky,2022-01-01,80.999,79.999,79.994,80.542,1.0,0.01,0.0,0.0,1.01,0.0,-2.0300000000000002
674,NTSC,Reverse,Southern Island,7,MyOhMyPancakes,81.275,2021-03-31,z504l9gy,2022-01-01,80.999,79.999,79.994,80.542,0.99,0.0,0.0,0.0,0.99,0.0,-1.4600000000000002
675,NTSC,Reverse,Southern Island,8,meauxdal,81.41,2018-11-07,me817v3m,2022-01-01,80.999,79.999,79.994,80.542,0.98,0.0,0.0,0.0,0.98,0.0,-1.2000000000000002
676,NTSC,Reverse,Southern Island,9,MetalHead,81.66,2019-01-20,zg7l5vvz,2022-01-01,80.999,79.999,79.994,80.542,0.97,0.0,0.0,0.0,0.97,0.0,-0.71
677,NTSC,Reverse,Southern Island,10,andypanther,81.776,2021-07-26,y69d8kpy,2022-01-01,80.999,79.999,79.994,80.542,0.96,0.0,0.0,0.0,0.96,0.0,-0.49
678,NTSC,Reverse,Southern Island,11,ZubyDoo77,81.78,2020-07-25,y90p8lry,2022-01-01,80.999,79.999,79.994,80.542,0.96,0.0,0.0,0.0,0.96,0.0,-0.48
679,NTSC,Reverse,Southern Island,12,the_androgyne,81.809,2018-07-12,z031rn9z,2022-01-01,80.999,79.999,79.994,80.542,0.96,0.0,0.0,0.0,0.96,0.0,-0.41999999999999993
680,NTSC,Reverse,Southern Island,13,GhillieGuide,82.255,2018-07-12,zp03r9vm,2022-01-01,80.999,79.999,79.994,80.542,0.94,0.0,0.0,0.0,0.94,0.0,-0.050000000000000044
681,NTSC,Reverse,Southern Island,14,KoiIroHoshi,82.352,2017-06-10,y231en5m,2022-01-01,80.999,79.999,79.994,80.542,0.93,0.0,0.0,0.0,0.93,0.0,-0.04999999999999993
682,NTSC,Reverse,Southern Island,15,RyanWarner,83.364,2021-12-14,yjx420gz,2022-01-01,80.999,79.999,79.994,80.542,0.88,0.0,0.0,0.0,0.88,,
683,NTSC,Reverse,Southern Island,16,NickWarner,84.118,2021-06-18,ywqx8j2y,2022-01-01,80.999,79.999,79.994,80.542,0.85,0.0,0.0,0.0,0.85,0.0,-0.040000000000000036
684,NTSC,Reverse,Southern Island,17,Bace,84.744,2018-03-18,y6784v0m,2022-01-01,80.999,79.999,79.994,80.542,0.82,0.0,0.0,0.0,0.82,0.0,-0.040000000000000036
685,PAL,Reverse,Southern Island,18,JimB,98.819,2018-07-14,zp04dlrm,2022-01-01,80.999,79.999,79.994,80.542,0.13,0.0,0.0,0.0,0.13,0.0,0.0
686,PAL,Reverse,Southern Island,19,Ipsum86,99.864,2018-07-13,yvj3qvoy,2022-01-01,80.999,79.999,79.994,80.542,0.08,0.0,0.0,0.0,0.08,0.0,0.0
687,PAL,Reverse,Southern Island,20,Mahrla,100.862,2011-05-28,mekdnk3m,2022-01-01,80.999,79.999,79.994,80.542,0.03,0.0,0.0,0.0,0.03,0.0,0.0
688,PAL,Reverse,Southern Island,21,DJ-Cat,101.441,2020-06-04,yjlxvxnz,2022-01-01,80.999,79.999,79.994,80.542,0.0,0.0,0.0,0.0,0.0,0.0,0.0
